# Blender 5.0.1
# www.blender.org
mtllib clawd.mtl
o Clawd
v -0.060000 0.035000 -0.020000
v 0.040000 0.020000 0.020000
v -0.060000 0.065000 0.010000
v 0.040000 0.020000 -0.020000
v -0.045000 0.080000 0.030000
v -0.025000 0.080000 0.030000
v 0.048400 0.001600 -0.010000
v 0.050000 0.001600 -0.008400
v 0.048400 0.000000 -0.008400
v 0.049012 0.001600 -0.009878
v 0.049531 0.001600 -0.009531
v 0.048400 0.000988 -0.009878
v 0.049028 0.000972 -0.009731
v 0.049450 0.001004 -0.009450
v 0.049324 0.000676 -0.009324
v 0.049878 0.000988 -0.008400
v 0.049531 0.000469 -0.008400
v 0.049878 0.001600 -0.009012
v 0.049731 0.000972 -0.009028
v 0.049450 0.000550 -0.008996
v 0.048400 0.000122 -0.009012
v 0.048400 0.000469 -0.009531
v 0.049012 0.000122 -0.008400
v 0.049028 0.000269 -0.009028
v 0.048996 0.000550 -0.009450
v 0.038400 0.078400 0.025000
v 0.040000 0.078400 0.026600
v 0.038400 0.080000 0.026600
v 0.039012 0.078400 0.025122
v 0.039531 0.078400 0.025469
v 0.038400 0.079012 0.025122
v 0.039028 0.079028 0.025269
v 0.039450 0.078996 0.025550
v 0.039324 0.079324 0.025676
v 0.039878 0.079012 0.026600
v 0.039531 0.079531 0.026600
v 0.039878 0.078400 0.025988
v 0.039731 0.079028 0.025972
v 0.039450 0.079450 0.026004
v 0.038400 0.079878 0.025988
v 0.038400 0.079531 0.025469
v 0.039012 0.079878 0.026600
v 0.039028 0.079731 0.025972
v 0.038996 0.079450 0.025550
v 0.028400 0.058400 0.030000
v 0.031600 0.060000 0.028400
v 0.030000 0.061600 0.028400
v 0.029134 0.059012 0.029878
v 0.030000 0.059531 0.029531
v 0.029012 0.059134 0.029878
v 0.029510 0.059510 0.029701
v 0.030000 0.059788 0.029464
v 0.030000 0.060000 0.029320
v 0.030988 0.060122 0.028400
v 0.030469 0.060469 0.028400
v 0.030866 0.059878 0.029012
v 0.030490 0.060000 0.028991
v 0.030212 0.060212 0.028976
v 0.029878 0.060866 0.029012
v 0.029531 0.060000 0.029531
v 0.030122 0.060988 0.028400
v 0.030000 0.060490 0.028991
v 0.029788 0.060000 0.029464
v 0.030000 0.078400 0.028400
v 0.031600 0.080000 0.028400
v 0.028400 0.081600 0.030000
v 0.030122 0.079012 0.028400
v 0.030469 0.079531 0.028400
v 0.029878 0.079134 0.029012
v 0.030000 0.079510 0.028991
v 0.030212 0.079788 0.028976
v 0.030000 0.080000 0.029320
v 0.030866 0.080122 0.029012
v 0.030000 0.080469 0.029531
v 0.030988 0.079878 0.028400
v 0.030490 0.080000 0.028991
v 0.030000 0.080212 0.029464
v 0.029012 0.080866 0.029878
v 0.029531 0.080000 0.029531
v 0.029134 0.080988 0.029878
v 0.029510 0.080490 0.029701
v 0.029788 0.080000 0.029464
v 0.030000 0.078400 0.026600
v 0.031600 0.078400 0.025000
v 0.031600 0.080000 0.026600
v 0.030122 0.078400 0.025988
v 0.030469 0.078400 0.025469
v 0.030122 0.079012 0.026600
v 0.030269 0.079028 0.025972
v 0.030550 0.078996 0.025550
v 0.030676 0.079324 0.025676
v 0.031600 0.079012 0.025122
v 0.031600 0.079531 0.025469
v 0.030988 0.078400 0.025122
v 0.030972 0.079028 0.025269
v 0.031004 0.079450 0.025550
v 0.030988 0.079878 0.026600
v 0.030469 0.079531 0.026600
v 0.031600 0.079878 0.025988
v 0.030972 0.079731 0.025972
v 0.030550 0.079450 0.026004
v -0.031600 0.020000 -0.011600
v -0.028400 0.018400 -0.010000
v -0.030000 0.018400 -0.008400
v -0.030866 0.019878 -0.010988
v -0.030000 0.019531 -0.010469
v -0.030988 0.019878 -0.010866
v -0.030490 0.019701 -0.010490
v -0.030000 0.019464 -0.010212
v -0.030000 0.019320 -0.010000
v -0.029012 0.018400 -0.009878
v -0.029531 0.018400 -0.009531
v -0.029134 0.019012 -0.010122
v -0.029510 0.018991 -0.010000
v -0.029788 0.018976 -0.009788
v -0.030122 0.019012 -0.009134
v -0.030469 0.019531 -0.010000
v -0.029878 0.018400 -0.009012
v -0.030000 0.018991 -0.009510
v -0.030212 0.019464 -0.010000
v -0.048400 0.018400 -0.010000
v -0.050000 0.018400 -0.008400
v -0.051600 0.020000 -0.011600
v -0.049012 0.018400 -0.009878
v -0.049531 0.018400 -0.009531
v -0.049134 0.019012 -0.010122
v -0.049510 0.018991 -0.010000
v -0.049788 0.018976 -0.009788
v -0.050000 0.019320 -0.010000
v -0.050122 0.019012 -0.009134
v -0.050469 0.019531 -0.010000
v -0.049878 0.018400 -0.009012
v -0.050000 0.018991 -0.009510
v -0.050212 0.019464 -0.010000
v -0.050866 0.019878 -0.010988
v -0.050000 0.019531 -0.010469
v -0.050988 0.019878 -0.010866
v -0.050490 0.019701 -0.010490
v -0.050000 0.019464 -0.010212
v 0.031600 0.020000 -0.011600
v 0.030000 0.018400 -0.008400
v 0.028400 0.018400 -0.010000
v 0.030988 0.019878 -0.010866
v 0.030469 0.019531 -0.010000
v 0.030866 0.019878 -0.010988
v 0.030490 0.019701 -0.010490
v 0.030212 0.019464 -0.010000
v 0.030000 0.019320 -0.010000
v 0.029878 0.018400 -0.009012
v 0.029531 0.018400 -0.009531
v 0.030122 0.019012 -0.009134
v 0.030000 0.018991 -0.009510
v 0.029788 0.018976 -0.009788
v 0.029134 0.019012 -0.010122
v 0.030000 0.019531 -0.010469
v 0.029012 0.018400 -0.009878
v 0.029510 0.018991 -0.010000
v 0.030000 0.019464 -0.010212
v 0.030000 0.018400 -0.005000
v 0.031600 0.020000 -0.001000
v 0.030122 0.019012 -0.004696
v 0.030469 0.019531 -0.003828
v 0.030988 0.019878 -0.002531
v -0.020000 0.018400 -0.008400
v -0.021600 0.018400 -0.010000
v -0.018400 0.020000 -0.011600
v -0.020122 0.018400 -0.009012
v -0.020469 0.018400 -0.009531
v -0.019878 0.019012 -0.009134
v -0.020000 0.018991 -0.009510
v -0.020212 0.018976 -0.009788
v -0.020000 0.019320 -0.010000
v -0.020866 0.019012 -0.010122
v -0.020000 0.019531 -0.010469
v -0.020988 0.018400 -0.009878
v -0.020490 0.018991 -0.010000
v -0.020000 0.019464 -0.010212
v -0.019012 0.019878 -0.010866
v -0.019531 0.019531 -0.010000
v -0.019134 0.019878 -0.010988
v -0.019510 0.019701 -0.010490
v -0.019788 0.019464 -0.010000
v -0.018400 0.020000 -0.005800
v -0.020000 0.018400 -0.005000
v -0.019012 0.019878 -0.005494
v -0.019531 0.019531 -0.005234
v -0.019878 0.019012 -0.005061
v -0.061600 0.058400 -0.010000
v -0.061600 0.060000 -0.008400
v -0.060000 0.061600 -0.011600
v -0.061600 0.059012 -0.009878
v -0.061600 0.059531 -0.009531
v -0.060988 0.059134 -0.010122
v -0.061009 0.059510 -0.010000
v -0.061024 0.059788 -0.009788
v -0.060680 0.060000 -0.010000
v -0.060988 0.060122 -0.009134
v -0.060469 0.060469 -0.010000
v -0.061600 0.059878 -0.009012
v -0.061009 0.060000 -0.009510
v -0.060536 0.060212 -0.010000
v -0.060122 0.060866 -0.010988
v -0.060469 0.060000 -0.010469
v -0.060122 0.060988 -0.010866
v -0.060299 0.060490 -0.010490
v -0.060536 0.060000 -0.010212
v -0.030000 0.001600 0.008400
v -0.028400 0.000000 0.008400
v -0.028400 0.001600 0.010000
v -0.029878 0.000988 0.008400
v -0.029531 0.000469 0.008400
v -0.029878 0.001600 0.009012
v -0.029731 0.000972 0.009028
v -0.029450 0.000550 0.008996
v -0.029324 0.000676 0.009324
v -0.028400 0.000122 0.009012
v -0.028400 0.000469 0.009531
v -0.029012 0.000122 0.008400
v -0.029028 0.000269 0.009028
v -0.028996 0.000550 0.009450
v -0.029012 0.001600 0.009878
v -0.029531 0.001600 0.009531
v -0.028400 0.000988 0.009878
v -0.029028 0.000972 0.009731
v -0.029450 0.001004 0.009450
v -0.038400 0.020000 -0.003400
v -0.040000 0.018400 -0.005000
v -0.039012 0.019878 -0.004012
v -0.039531 0.019531 -0.004531
v -0.039878 0.019012 -0.004878
v -0.040000 0.018400 -0.008400
v -0.041600 0.018400 -0.010000
v -0.038400 0.020000 -0.011600
v -0.040122 0.018400 -0.009012
v -0.040469 0.018400 -0.009531
v -0.039878 0.019012 -0.009134
v -0.040000 0.018991 -0.009510
v -0.040212 0.018976 -0.009788
v -0.040000 0.019320 -0.010000
v -0.040866 0.019012 -0.010122
v -0.040000 0.019531 -0.010469
v -0.040988 0.018400 -0.009878
v -0.040490 0.018991 -0.010000
v -0.040000 0.019464 -0.010212
v -0.039012 0.019878 -0.010866
v -0.039531 0.019531 -0.010000
v -0.039134 0.019878 -0.010988
v -0.039510 0.019701 -0.010490
v -0.039788 0.019464 -0.010000
v -0.078400 0.040000 0.008400
v -0.078400 0.041600 0.010000
v -0.080000 0.041600 0.008400
v -0.078400 0.040122 0.009012
v -0.078400 0.040469 0.009531
v -0.079012 0.040122 0.008400
v -0.079028 0.040269 0.009028
v -0.078996 0.040550 0.009450
v -0.079324 0.040676 0.009324
v -0.079012 0.041600 0.009878
v -0.079531 0.041600 0.009531
v -0.078400 0.040988 0.009878
v -0.079028 0.040972 0.009731
v -0.079450 0.041004 0.009450
v -0.079878 0.040988 0.008400
v -0.079531 0.040469 0.008400
v -0.079878 0.041600 0.009012
v -0.079731 0.040972 0.009028
v -0.079450 0.040550 0.008996
v -0.061600 0.040000 0.005000
v -0.060000 0.038400 -0.003000
v -0.060988 0.039878 0.004391
v -0.060469 0.039531 0.002657
v -0.060122 0.039012 0.000061
v -0.061600 0.041600 0.010000
v -0.061600 0.040000 0.008400
v -0.060000 0.038400 0.011600
v -0.061600 0.040988 0.009878
v -0.061600 0.040469 0.009531
v -0.060988 0.040866 0.010122
v -0.061009 0.040490 0.010000
v -0.061024 0.040212 0.009788
v -0.060680 0.040000 0.010000
v -0.060988 0.039878 0.009134
v -0.060469 0.039531 0.010000
v -0.061600 0.040122 0.009012
v -0.061009 0.040000 0.009510
v -0.060536 0.039788 0.010000
v -0.060122 0.039134 0.010988
v -0.060469 0.040000 0.010469
v -0.060122 0.039012 0.010866
v -0.060299 0.039510 0.010490
v -0.060536 0.040000 0.010212
v 0.060000 0.055000 0.028400
v 0.058400 0.056200 0.030000
v 0.059878 0.055091 0.029012
v 0.059531 0.055351 0.029531
v 0.059012 0.055741 0.029878
v -0.060000 0.075000 0.028400
v -0.058400 0.075533 0.030000
v -0.059878 0.075041 0.029012
v -0.059531 0.075156 0.029531
v -0.059012 0.075329 0.029878
v 0.021600 0.018400 0.010000
v 0.018400 0.020000 0.011600
v 0.020000 0.018400 0.008400
v 0.020866 0.019012 0.010122
v 0.020000 0.019531 0.010469
v 0.020988 0.018400 0.009878
v 0.020490 0.018991 0.010000
v 0.020000 0.019464 0.010212
v 0.020000 0.019320 0.010000
v 0.019012 0.019878 0.010866
v 0.019531 0.019531 0.010000
v 0.019134 0.019878 0.010988
v 0.019510 0.019701 0.010490
v 0.019788 0.019464 0.010000
v 0.020122 0.018400 0.009012
v 0.020469 0.018400 0.009531
v 0.019878 0.019012 0.009134
v 0.020000 0.018991 0.009510
v 0.020212 0.018976 0.009788
v -0.078400 0.058400 -0.010000
v -0.080000 0.058400 -0.008400
v -0.078400 0.060000 -0.008400
v -0.079012 0.058400 -0.009878
v -0.079531 0.058400 -0.009531
v -0.078400 0.059012 -0.009878
v -0.079028 0.059028 -0.009731
v -0.079450 0.058996 -0.009450
v -0.079324 0.059324 -0.009324
v -0.079878 0.059012 -0.008400
v -0.079531 0.059531 -0.008400
v -0.079878 0.058400 -0.009012
v -0.079731 0.059028 -0.009028
v -0.079450 0.059450 -0.008996
v -0.078400 0.059878 -0.009012
v -0.078400 0.059531 -0.009531
v -0.079012 0.059878 -0.008400
v -0.079028 0.059731 -0.009028
v -0.078996 0.059450 -0.009450
v 0.050000 0.018400 0.008400
v 0.051600 0.020000 0.011600
v 0.048400 0.018400 0.010000
v 0.050122 0.019012 0.009134
v 0.050469 0.019531 0.010000
v 0.049878 0.018400 0.009012
v 0.050000 0.018991 0.009510
v 0.050212 0.019464 0.010000
v 0.050000 0.019320 0.010000
v 0.050866 0.019878 0.010988
v 0.050000 0.019531 0.010469
v 0.050988 0.019878 0.010866
v 0.050490 0.019701 0.010490
v 0.050000 0.019464 0.010212
v 0.049012 0.018400 0.009878
v 0.049531 0.018400 0.009531
v 0.049134 0.019012 0.010122
v 0.049510 0.018991 0.010000
v 0.049788 0.018976 0.009788
v 0.041600 0.081600 0.030000
v 0.038400 0.080000 0.028400
v 0.040000 0.078400 0.028400
v 0.040866 0.080988 0.029878
v 0.040000 0.080469 0.029531
v 0.040988 0.080866 0.029878
v 0.040490 0.080490 0.029701
v 0.040000 0.080212 0.029464
v 0.040000 0.080000 0.029320
v 0.039012 0.079878 0.028400
v 0.039531 0.079531 0.028400
v 0.039134 0.080122 0.029012
v 0.039510 0.080000 0.028991
v 0.039788 0.079788 0.028976
v 0.040122 0.079134 0.029012
v 0.040469 0.080000 0.029531
v 0.039878 0.079012 0.028400
v 0.040000 0.079510 0.028991
v 0.040212 0.080000 0.029464
v 0.060000 0.061600 0.011600
v 0.061600 0.058400 0.010000
v 0.061600 0.060000 0.008400
v 0.060122 0.060866 0.010988
v 0.060469 0.060000 0.010469
v 0.060122 0.060988 0.010866
v 0.060299 0.060490 0.010490
v 0.060536 0.060000 0.010212
v 0.060680 0.060000 0.010000
v 0.061600 0.059012 0.009878
v 0.061600 0.059531 0.009531
v 0.060988 0.059134 0.010122
v 0.061009 0.059510 0.010000
v 0.061024 0.059788 0.009788
v 0.060988 0.060122 0.009134
v 0.060469 0.060469 0.010000
v 0.061600 0.059878 0.009012
v 0.061009 0.060000 0.009510
v 0.060536 0.060212 0.010000
v 0.058400 0.098400 0.030000
v 0.060000 0.098400 0.028400
v 0.058400 0.100000 0.028400
v 0.059012 0.098400 0.029878
v 0.059531 0.098400 0.029531
v 0.058400 0.099012 0.029878
v 0.059028 0.099028 0.029731
v 0.059450 0.098996 0.029450
v 0.059324 0.099324 0.029324
v 0.059878 0.099012 0.028400
v 0.059531 0.099531 0.028400
v 0.059878 0.098400 0.029012
v 0.059731 0.099028 0.029028
v 0.059450 0.099450 0.028996
v 0.058400 0.099878 0.029012
v 0.058400 0.099531 0.029531
v 0.059012 0.099878 0.028400
v 0.059028 0.099731 0.029028
v 0.058996 0.099450 0.029450
v -0.050000 0.001600 0.008400
v -0.048400 0.000000 0.008400
v -0.048400 0.001600 0.010000
v -0.049878 0.000988 0.008400
v -0.049531 0.000469 0.008400
v -0.049878 0.001600 0.009012
v -0.049731 0.000972 0.009028
v -0.049450 0.000550 0.008996
v -0.049324 0.000676 0.009324
v -0.048400 0.000122 0.009012
v -0.048400 0.000469 0.009531
v -0.049012 0.000122 0.008400
v -0.049028 0.000269 0.009028
v -0.048996 0.000550 0.009450
v -0.049012 0.001600 0.009878
v -0.049531 0.001600 0.009531
v -0.048400 0.000988 0.009878
v -0.049028 0.000972 0.009731
v -0.049450 0.001004 0.009450
v 0.058400 0.098400 -0.030000
v 0.058400 0.100000 -0.028400
v 0.060000 0.098400 -0.028400
v 0.058400 0.099012 -0.029878
v 0.058400 0.099531 -0.029531
v 0.059012 0.098400 -0.029878
v 0.059028 0.099028 -0.029731
v 0.058996 0.099450 -0.029450
v 0.059324 0.099324 -0.029324
v 0.059012 0.099878 -0.028400
v 0.059531 0.099531 -0.028400
v 0.058400 0.099878 -0.029012
v 0.059028 0.099731 -0.029028
v 0.059450 0.099450 -0.028996
v 0.059878 0.098400 -0.029012
v 0.059531 0.098400 -0.029531
v 0.059878 0.099012 -0.028400
v 0.059731 0.099028 -0.029028
v 0.059450 0.098996 -0.029450
v 0.080000 0.041600 -0.008400
v 0.078400 0.040000 -0.008400
v 0.078400 0.041600 -0.010000
v 0.079878 0.040988 -0.008400
v 0.079531 0.040469 -0.008400
v 0.079878 0.041600 -0.009012
v 0.079731 0.040972 -0.009028
v 0.079450 0.040550 -0.008996
v 0.079324 0.040676 -0.009324
v 0.078400 0.040122 -0.009012
v 0.078400 0.040469 -0.009531
v 0.079012 0.040122 -0.008400
v 0.079028 0.040269 -0.009028
v 0.078996 0.040550 -0.009450
v 0.079012 0.041600 -0.009878
v 0.079531 0.041600 -0.009531
v 0.078400 0.040988 -0.009878
v 0.079028 0.040972 -0.009731
v 0.079450 0.041004 -0.009450
v -0.038400 0.078400 0.025000
v -0.038400 0.080000 0.026600
v -0.040000 0.078400 0.026600
v -0.038400 0.079012 0.025122
v -0.038400 0.079531 0.025469
v -0.039012 0.078400 0.025122
v -0.039028 0.079028 0.025269
v -0.038996 0.079450 0.025550
v -0.039324 0.079324 0.025676
v -0.039012 0.079878 0.026600
v -0.039531 0.079531 0.026600
v -0.038400 0.079878 0.025988
v -0.039028 0.079731 0.025972
v -0.039450 0.079450 0.026004
v -0.039878 0.078400 0.025988
v -0.039531 0.078400 0.025469
v -0.039878 0.079012 0.026600
v -0.039731 0.079028 0.025972
v -0.039450 0.078996 0.025550
v 0.025000 0.021600 0.030000
v 0.025000 0.020000 0.028400
v 0.025000 0.020988 0.029878
v 0.025000 0.020469 0.029531
v 0.025000 0.020122 0.029012
v 0.041600 0.001600 -0.010000
v 0.041600 0.000000 -0.008400
v 0.040000 0.001600 -0.008400
v 0.041600 0.000988 -0.009878
v 0.041600 0.000469 -0.009531
v 0.040988 0.001600 -0.009878
v 0.040972 0.000972 -0.009731
v 0.041004 0.000550 -0.009450
v 0.040676 0.000676 -0.009324
v 0.040988 0.000122 -0.008400
v 0.040469 0.000469 -0.008400
v 0.041600 0.000122 -0.009012
v 0.040972 0.000269 -0.009028
v 0.040550 0.000550 -0.008996
v 0.040122 0.001600 -0.009012
v 0.040469 0.001600 -0.009531
v 0.040122 0.000988 -0.008400
v 0.040269 0.000972 -0.009028
v 0.040550 0.001004 -0.009450
v -0.040000 0.001600 -0.008400
v -0.041600 0.000000 -0.008400
v -0.041600 0.001600 -0.010000
v -0.040122 0.000988 -0.008400
v -0.040469 0.000469 -0.008400
v -0.040122 0.001600 -0.009012
v -0.040269 0.000972 -0.009028
v -0.040550 0.000550 -0.008996
v -0.040676 0.000676 -0.009324
v -0.041600 0.000122 -0.009012
v -0.041600 0.000469 -0.009531
v -0.040988 0.000122 -0.008400
v -0.040972 0.000269 -0.009028
v -0.041004 0.000550 -0.009450
v -0.040988 0.001600 -0.009878
v -0.040469 0.001600 -0.009531
v -0.041600 0.000988 -0.009878
v -0.040972 0.000972 -0.009731
v -0.040550 0.001004 -0.009450
v 0.061600 0.040000 -0.008400
v 0.060000 0.038400 -0.011600
v 0.061600 0.041600 -0.010000
v 0.060988 0.039878 -0.009134
v 0.060469 0.039531 -0.010000
v 0.061600 0.040122 -0.009012
v 0.061009 0.040000 -0.009510
v 0.060536 0.039788 -0.010000
v 0.060680 0.040000 -0.010000
v 0.060122 0.039134 -0.010988
v 0.060469 0.040000 -0.010469
v 0.060122 0.039012 -0.010866
v 0.060299 0.039510 -0.010490
v 0.060536 0.040000 -0.010212
v 0.061600 0.040988 -0.009878
v 0.061600 0.040469 -0.009531
v 0.060988 0.040866 -0.010122
v 0.061009 0.040490 -0.010000
v 0.061024 0.040212 -0.009788
v -0.028400 0.058400 0.030000
v -0.030000 0.061600 0.028400
v -0.031600 0.060000 0.028400
v -0.029012 0.059134 0.029878
v -0.029531 0.060000 0.029531
v -0.029134 0.059012 0.029878
v -0.029510 0.059510 0.029701
v -0.029788 0.060000 0.029464
v -0.030000 0.060000 0.029320
v -0.030122 0.060988 0.028400
v -0.030469 0.060469 0.028400
v -0.029878 0.060866 0.029012
v -0.030000 0.060490 0.028991
v -0.030212 0.060212 0.028976
v -0.030866 0.059878 0.029012
v -0.030000 0.059531 0.029531
v -0.030988 0.060122 0.028400
v -0.030490 0.060000 0.028991
v -0.030000 0.059788 0.029464
v 0.040000 0.018400 -0.008400
v 0.038400 0.020000 -0.011600
v 0.041600 0.018400 -0.010000
v 0.039878 0.019012 -0.009134
v 0.039531 0.019531 -0.010000
v 0.040122 0.018400 -0.009012
v 0.040000 0.018991 -0.009510
v 0.039788 0.019464 -0.010000
v 0.040000 0.019320 -0.010000
v 0.039134 0.019878 -0.010988
v 0.040000 0.019531 -0.010469
v 0.039012 0.019878 -0.010866
v 0.039510 0.019701 -0.010490
v 0.040000 0.019464 -0.010212
v 0.040988 0.018400 -0.009878
v 0.040469 0.018400 -0.009531
v 0.040866 0.019012 -0.010122
v 0.040490 0.018991 -0.010000
v 0.040212 0.018976 -0.009788
v -0.045000 0.018400 -0.010000
v -0.047400 0.020000 -0.011600
v -0.045183 0.019012 -0.010122
v -0.045703 0.019531 -0.010469
v -0.046482 0.019878 -0.010988
v 0.030000 0.100000 0.028400
v 0.030000 0.098400 0.030000
v 0.030000 0.099878 0.029012
v 0.030000 0.099531 0.029531
v 0.030000 0.099012 0.029878
v -0.031600 0.078400 0.025000
v -0.030000 0.078400 0.026600
v -0.031600 0.080000 0.026600
v -0.030988 0.078400 0.025122
v -0.030469 0.078400 0.025469
v -0.031600 0.079012 0.025122
v -0.030972 0.079028 0.025269
v -0.030550 0.078996 0.025550
v -0.030676 0.079324 0.025676
v -0.030122 0.079012 0.026600
v -0.030469 0.079531 0.026600
v -0.030122 0.078400 0.025988
v -0.030269 0.079028 0.025972
v -0.030550 0.079450 0.026004
v -0.031600 0.079878 0.025988
v -0.031600 0.079531 0.025469
v -0.030988 0.079878 0.026600
v -0.030972 0.079731 0.025972
v -0.031004 0.079450 0.025550
v 0.041600 0.018400 0.010000
v 0.038400 0.020000 0.011600
v 0.040000 0.018400 0.008400
v 0.040866 0.019012 0.010122
v 0.040000 0.019531 0.010469
v 0.040988 0.018400 0.009878
v 0.040490 0.018991 0.010000
v 0.040000 0.019464 0.010212
v 0.040000 0.019320 0.010000
v 0.039012 0.019878 0.010866
v 0.039531 0.019531 0.010000
v 0.039134 0.019878 0.010988
v 0.039510 0.019701 0.010490
v 0.039788 0.019464 0.010000
v 0.040122 0.018400 0.009012
v 0.040469 0.018400 0.009531
v 0.039878 0.019012 0.009134
v 0.040000 0.018991 0.009510
v 0.040212 0.018976 0.009788
v -0.038400 0.020000 0.011600
v -0.041600 0.018400 0.010000
v -0.040000 0.018400 0.008400
v -0.039134 0.019878 0.010988
v -0.040000 0.019531 0.010469
v -0.039012 0.019878 0.010866
v -0.039510 0.019701 0.010490
v -0.040000 0.019464 0.010212
v -0.040000 0.019320 0.010000
v -0.040988 0.018400 0.009878
v -0.040469 0.018400 0.009531
v -0.040866 0.019012 0.010122
v -0.040490 0.018991 0.010000
v -0.040212 0.018976 0.009788
v -0.039878 0.019012 0.009134
v -0.039531 0.019531 0.010000
v -0.040122 0.018400 0.009012
v -0.040000 0.018991 0.009510
v -0.039788 0.019464 0.010000
v 0.061600 0.041600 0.010000
v 0.060000 0.038400 0.011600
v 0.061600 0.040000 0.008400
v 0.060988 0.040866 0.010122
v 0.060469 0.040000 0.010469
v 0.061600 0.040988 0.009878
v 0.061009 0.040490 0.010000
v 0.060536 0.040000 0.010212
v 0.060680 0.040000 0.010000
v 0.060122 0.039012 0.010866
v 0.060469 0.039531 0.010000
v 0.060122 0.039134 0.010988
v 0.060299 0.039510 0.010490
v 0.060536 0.039788 0.010000
v 0.061600 0.040122 0.009012
v 0.061600 0.040469 0.009531
v 0.060988 0.039878 0.009134
v 0.061009 0.040000 0.009510
v 0.061024 0.040212 0.009788
v 0.061600 0.045000 0.010000
v 0.060000 0.046600 0.011600
v 0.060988 0.045122 0.010122
v 0.060469 0.045469 0.010469
v 0.060122 0.045988 0.010988
v 0.021600 0.001600 -0.010000
v 0.021600 0.000000 -0.008400
v 0.020000 0.001600 -0.008400
v 0.021600 0.000988 -0.009878
v 0.021600 0.000469 -0.009531
v 0.020988 0.001600 -0.009878
v 0.020972 0.000972 -0.009731
v 0.021004 0.000550 -0.009450
v 0.020676 0.000676 -0.009324
v 0.020988 0.000122 -0.008400
v 0.020469 0.000469 -0.008400
v 0.021600 0.000122 -0.009012
v 0.020972 0.000269 -0.009028
v 0.020550 0.000550 -0.008996
v 0.020122 0.001600 -0.009012
v 0.020469 0.001600 -0.009531
v 0.020122 0.000988 -0.008400
v 0.020269 0.000972 -0.009028
v 0.020550 0.001004 -0.009450
v -0.031600 0.020000 0.011600
v -0.030000 0.018400 0.008400
v -0.028400 0.018400 0.010000
v -0.030988 0.019878 0.010866
v -0.030469 0.019531 0.010000
v -0.030866 0.019878 0.010988
v -0.030490 0.019701 0.010490
v -0.030212 0.019464 0.010000
v -0.030000 0.019320 0.010000
v -0.029878 0.018400 0.009012
v -0.029531 0.018400 0.009531
v -0.030122 0.019012 0.009134
v -0.030000 0.018991 0.009510
v -0.029788 0.018976 0.009788
v -0.029134 0.019012 0.010122
v -0.030000 0.019531 0.010469
v -0.029012 0.018400 0.009878
v -0.029510 0.018991 0.010000
v -0.030000 0.019464 0.010212
v -0.061600 0.040000 -0.008400
v -0.061600 0.041600 -0.010000
v -0.060000 0.038400 -0.011600
v -0.061600 0.040122 -0.009012
v -0.061600 0.040469 -0.009531
v -0.060988 0.039878 -0.009134
v -0.061009 0.040000 -0.009510
v -0.061024 0.040212 -0.009788
v -0.060680 0.040000 -0.010000
v -0.060988 0.040866 -0.010122
v -0.060469 0.040000 -0.010469
v -0.061600 0.040988 -0.009878
v -0.061009 0.040490 -0.010000
v -0.060536 0.040000 -0.010212
v -0.060122 0.039012 -0.010866
v -0.060469 0.039531 -0.010000
v -0.060122 0.039134 -0.010988
v -0.060299 0.039510 -0.010490
v -0.060536 0.039788 -0.010000
v 0.040000 0.061600 0.026600
v 0.038400 0.061600 0.025000
v 0.038400 0.060000 0.026600
v 0.039878 0.061600 0.025988
v 0.039531 0.061600 0.025469
v 0.039878 0.060988 0.026600
v 0.039731 0.060972 0.025972
v 0.039450 0.061004 0.025550
v 0.039324 0.060676 0.025676
v 0.038400 0.060988 0.025122
v 0.038400 0.060469 0.025469
v 0.039012 0.061600 0.025122
v 0.039028 0.060972 0.025269
v 0.038996 0.060550 0.025550
v 0.039012 0.060122 0.026600
v 0.039531 0.060469 0.026600
v 0.038400 0.060122 0.025988
v 0.039028 0.060269 0.025972
v 0.039450 0.060550 0.026004
v 0.061600 0.050000 0.010000
v 0.060000 0.053200 0.011600
v 0.060988 0.050244 0.010122
v 0.060469 0.050937 0.010469
v 0.060122 0.051975 0.010988
v 0.061600 0.060000 -0.008400
v 0.061600 0.058400 -0.010000
v 0.060000 0.061600 -0.011600
v 0.061600 0.059878 -0.009012
v 0.061600 0.059531 -0.009531
v 0.060988 0.060122 -0.009134
v 0.061009 0.060000 -0.009510
v 0.061024 0.059788 -0.009788
v 0.060680 0.060000 -0.010000
v 0.060988 0.059134 -0.010122
v 0.060469 0.060000 -0.010469
v 0.061600 0.059012 -0.009878
v 0.061009 0.059510 -0.010000
v 0.060536 0.060000 -0.010212
v 0.060122 0.060988 -0.010866
v 0.060469 0.060469 -0.010000
v 0.060122 0.060866 -0.010988
v 0.060299 0.060490 -0.010490
v 0.060536 0.060212 -0.010000
v 0.058400 0.065000 0.030000
v 0.060000 0.063400 0.028400
v 0.059012 0.064878 0.029878
v 0.059531 0.064531 0.029531
v 0.059878 0.064012 0.029012
v 0.078400 0.060000 0.008400
v 0.078400 0.058400 0.010000
v 0.080000 0.058400 0.008400
v 0.078400 0.059878 0.009012
v 0.078400 0.059531 0.009531
v 0.079012 0.059878 0.008400
v 0.079028 0.059731 0.009028
v 0.078996 0.059450 0.009450
v 0.079324 0.059324 0.009324
v 0.079012 0.058400 0.009878
v 0.079531 0.058400 0.009531
v 0.078400 0.059012 0.009878
v 0.079028 0.059028 0.009731
v 0.079450 0.058996 0.009450
v 0.079878 0.059012 0.008400
v 0.079531 0.059531 0.008400
v 0.079878 0.058400 0.009012
v 0.079731 0.059028 0.009028
v 0.079450 0.059450 0.008996
v -0.040000 0.078400 0.028400
v -0.038400 0.080000 0.028400
v -0.041600 0.081600 0.030000
v -0.039878 0.079012 0.028400
v -0.039531 0.079531 0.028400
v -0.040122 0.079134 0.029012
v -0.040000 0.079510 0.028991
v -0.039788 0.079788 0.028976
v -0.040000 0.080000 0.029320
v -0.039134 0.080122 0.029012
v -0.040000 0.080469 0.029531
v -0.039012 0.079878 0.028400
v -0.039510 0.080000 0.028991
v -0.040000 0.080212 0.029464
v -0.040988 0.080866 0.029878
v -0.040469 0.080000 0.029531
v -0.040866 0.080988 0.029878
v -0.040490 0.080490 0.029701
v -0.040212 0.080000 0.029464
v 0.051600 0.020000 -0.011600
v 0.050000 0.018400 -0.008400
v 0.048400 0.018400 -0.010000
v 0.050988 0.019878 -0.010866
v 0.050469 0.019531 -0.010000
v 0.050866 0.019878 -0.010988
v 0.050490 0.019701 -0.010490
v 0.050212 0.019464 -0.010000
v 0.050000 0.019320 -0.010000
v 0.049878 0.018400 -0.009012
v 0.049531 0.018400 -0.009531
v 0.050122 0.019012 -0.009134
v 0.050000 0.018991 -0.009510
v 0.049788 0.018976 -0.009788
v 0.049134 0.019012 -0.010122
v 0.050000 0.019531 -0.010469
v 0.049012 0.018400 -0.009878
v 0.049510 0.018991 -0.010000
v 0.050000 0.019464 -0.010212
v 0.030000 0.001600 -0.008400
v 0.028400 0.000000 -0.008400
v 0.028400 0.001600 -0.010000
v 0.029878 0.000988 -0.008400
v 0.029531 0.000469 -0.008400
v 0.029878 0.001600 -0.009012
v 0.029731 0.000972 -0.009028
v 0.029450 0.000550 -0.008996
v 0.029324 0.000676 -0.009324
v 0.028400 0.000122 -0.009012
v 0.028400 0.000469 -0.009531
v 0.029012 0.000122 -0.008400
v 0.029028 0.000269 -0.009028
v 0.028996 0.000550 -0.009450
v 0.029012 0.001600 -0.009878
v 0.029531 0.001600 -0.009531
v 0.028400 0.000988 -0.009878
v 0.029028 0.000972 -0.009731
v 0.029450 0.001004 -0.009450
v -0.020000 0.001600 -0.008400
v -0.021600 0.000000 -0.008400
v -0.021600 0.001600 -0.010000
v -0.020122 0.000988 -0.008400
v -0.020469 0.000469 -0.008400
v -0.020122 0.001600 -0.009012
v -0.020269 0.000972 -0.009028
v -0.020550 0.000550 -0.008996
v -0.020676 0.000676 -0.009324
v -0.021600 0.000122 -0.009012
v -0.021600 0.000469 -0.009531
v -0.020988 0.000122 -0.008400
v -0.020972 0.000269 -0.009028
v -0.021004 0.000550 -0.009450
v -0.020988 0.001600 -0.009878
v -0.020469 0.001600 -0.009531
v -0.021600 0.000988 -0.009878
v -0.020972 0.000972 -0.009731
v -0.020550 0.001004 -0.009450
v -0.061600 0.058400 0.010000
v -0.060000 0.061600 0.011600
v -0.061600 0.060000 0.008400
v -0.060988 0.059134 0.010122
v -0.060469 0.060000 0.010469
v -0.061600 0.059012 0.009878
v -0.061009 0.059510 0.010000
v -0.060536 0.060000 0.010212
v -0.060680 0.060000 0.010000
v -0.060122 0.060988 0.010866
v -0.060469 0.060469 0.010000
v -0.060122 0.060866 0.010988
v -0.060299 0.060490 0.010490
v -0.060536 0.060212 0.010000
v -0.061600 0.059878 0.009012
v -0.061600 0.059531 0.009531
v -0.060988 0.060122 0.009134
v -0.061009 0.060000 0.009510
v -0.061024 0.059788 0.009788
v 0.040000 0.061600 0.028400
v 0.038400 0.060000 0.028400
v 0.041600 0.058400 0.030000
v 0.039878 0.060988 0.028400
v 0.039531 0.060469 0.028400
v 0.040122 0.060866 0.029012
v 0.040000 0.060490 0.028991
v 0.039788 0.060212 0.028976
v 0.040000 0.060000 0.029320
v 0.039134 0.059878 0.029012
v 0.040000 0.059531 0.029531
v 0.039012 0.060122 0.028400
v 0.039510 0.060000 0.028991
v 0.040000 0.059788 0.029464
v 0.040988 0.059134 0.029878
v 0.040469 0.060000 0.029531
v 0.040866 0.059012 0.029878
v 0.040490 0.059510 0.029701
v 0.040212 0.060000 0.029464
v 0.030000 0.061600 0.026600
v 0.031600 0.060000 0.026600
v 0.031600 0.061600 0.025000
v 0.030122 0.060988 0.026600
v 0.030469 0.060469 0.026600
v 0.030122 0.061600 0.025988
v 0.030269 0.060972 0.025972
v 0.030550 0.060550 0.026004
v 0.030676 0.060676 0.025676
v 0.031600 0.060122 0.025988
v 0.031600 0.060469 0.025469
v 0.030988 0.060122 0.026600
v 0.030972 0.060269 0.025972
v 0.031004 0.060550 0.025550
v 0.030988 0.061600 0.025122
v 0.030469 0.061600 0.025469
v 0.031600 0.060988 0.025122
v 0.030972 0.060972 0.025269
v 0.030550 0.061004 0.025550
v -0.058400 0.040000 -0.030000
v -0.060000 0.039200 -0.028400
v -0.059012 0.039939 -0.029878
v -0.059531 0.039766 -0.029531
v -0.059878 0.039506 -0.029012
v -0.040000 0.061600 0.028400
v -0.041600 0.058400 0.030000
v -0.038400 0.060000 0.028400
v -0.040122 0.060866 0.029012
v -0.040469 0.060000 0.029531
v -0.039878 0.060988 0.028400
v -0.040000 0.060490 0.028991
v -0.040212 0.060000 0.029464
v -0.040000 0.060000 0.029320
v -0.040866 0.059012 0.029878
v -0.040000 0.059531 0.029531
v -0.040988 0.059134 0.029878
v -0.040490 0.059510 0.029701
v -0.040000 0.059788 0.029464
v -0.039012 0.060122 0.028400
v -0.039531 0.060469 0.028400
v -0.039134 0.059878 0.029012
v -0.039510 0.060000 0.028991
v -0.039788 0.060212 0.028976
v -0.038400 0.060000 0.026600
v -0.038400 0.061600 0.025000
v -0.040000 0.061600 0.026600
v -0.038400 0.060122 0.025988
v -0.038400 0.060469 0.025469
v -0.039012 0.060122 0.026600
v -0.039028 0.060269 0.025972
v -0.038996 0.060550 0.025550
v -0.039324 0.060676 0.025676
v -0.039012 0.061600 0.025122
v -0.039531 0.061600 0.025469
v -0.038400 0.060988 0.025122
v -0.039028 0.060972 0.025269
v -0.039450 0.061004 0.025550
v -0.039878 0.060988 0.026600
v -0.039531 0.060469 0.026600
v -0.039878 0.061600 0.025988
v -0.039731 0.060972 0.025972
v -0.039450 0.060550 0.026004
v 0.030000 0.021600 -0.030000
v 0.026800 0.020000 -0.028400
v 0.029756 0.020988 -0.029878
v 0.029063 0.020469 -0.029531
v 0.028025 0.020122 -0.029012
v -0.080000 0.041600 -0.008400
v -0.078400 0.041600 -0.010000
v -0.078400 0.040000 -0.008400
v -0.079878 0.041600 -0.009012
v -0.079531 0.041600 -0.009531
v -0.079878 0.040988 -0.008400
v -0.079731 0.040972 -0.009028
v -0.079450 0.041004 -0.009450
v -0.079324 0.040676 -0.009324
v -0.078400 0.040988 -0.009878
v -0.078400 0.040469 -0.009531
v -0.079012 0.041600 -0.009878
v -0.079028 0.040972 -0.009731
v -0.078996 0.040550 -0.009450
v -0.079012 0.040122 -0.008400
v -0.079531 0.040469 -0.008400
v -0.078400 0.040122 -0.009012
v -0.079028 0.040269 -0.009028
v -0.079450 0.040550 -0.008996
v -0.060000 0.021600 -0.020000
v -0.058400 0.020000 -0.018933
v -0.059878 0.020988 -0.019919
v -0.059531 0.020469 -0.019688
v -0.059012 0.020122 -0.019342
v 0.048400 0.000000 0.008400
v 0.050000 0.001600 0.008400
v 0.048400 0.001600 0.010000
v 0.049012 0.000122 0.008400
v 0.049531 0.000469 0.008400
v 0.048400 0.000122 0.009012
v 0.049028 0.000269 0.009028
v 0.049450 0.000550 0.008996
v 0.049324 0.000676 0.009324
v 0.049878 0.001600 0.009012
v 0.049531 0.001600 0.009531
v 0.049878 0.000988 0.008400
v 0.049731 0.000972 0.009028
v 0.049450 0.001004 0.009450
v 0.048400 0.000988 0.009878
v 0.048400 0.000469 0.009531
v 0.049012 0.001600 0.009878
v 0.049028 0.000972 0.009731
v 0.048996 0.000550 0.009450
v -0.030000 0.001600 -0.008400
v -0.028400 0.001600 -0.010000
v -0.028400 0.000000 -0.008400
v -0.029878 0.001600 -0.009012
v -0.029531 0.001600 -0.009531
v -0.029878 0.000988 -0.008400
v -0.029731 0.000972 -0.009028
v -0.029450 0.001004 -0.009450
v -0.029324 0.000676 -0.009324
v -0.028400 0.000988 -0.009878
v -0.028400 0.000469 -0.009531
v -0.029012 0.001600 -0.009878
v -0.029028 0.000972 -0.009731
v -0.028996 0.000550 -0.009450
v -0.029012 0.000122 -0.008400
v -0.029531 0.000469 -0.008400
v -0.028400 0.000122 -0.009012
v -0.029028 0.000269 -0.009028
v -0.029450 0.000550 -0.008996
v 0.040000 0.070000 0.028400
v 0.041600 0.068800 0.030000
v 0.040122 0.069909 0.029012
v 0.040469 0.069649 0.029531
v 0.040988 0.069259 0.029878
v -0.058400 0.065000 0.030000
v -0.060000 0.065000 0.028400
v -0.059012 0.065000 0.029878
v -0.059531 0.065000 0.029531
v -0.059878 0.065000 0.029012
v 0.030000 0.018400 0.008400
v 0.031600 0.020000 0.011600
v 0.028400 0.018400 0.010000
v 0.030122 0.019012 0.009134
v 0.030469 0.019531 0.010000
v 0.029878 0.018400 0.009012
v 0.030000 0.018991 0.009510
v 0.030212 0.019464 0.010000
v 0.030000 0.019320 0.010000
v 0.030866 0.019878 0.010988
v 0.030000 0.019531 0.010469
v 0.030988 0.019878 0.010866
v 0.030490 0.019701 0.010490
v 0.030000 0.019464 0.010212
v 0.029012 0.018400 0.009878
v 0.029531 0.018400 0.009531
v 0.029134 0.019012 0.010122
v 0.029510 0.018991 0.010000
v 0.029788 0.018976 0.009788
v -0.030000 0.078400 0.028400
v -0.028400 0.081600 0.030000
v -0.031600 0.080000 0.028400
v -0.029878 0.079134 0.029012
v -0.029531 0.080000 0.029531
v -0.030122 0.079012 0.028400
v -0.030000 0.079510 0.028991
v -0.029788 0.080000 0.029464
v -0.030000 0.080000 0.029320
v -0.029134 0.080988 0.029878
v -0.030000 0.080469 0.029531
v -0.029012 0.080866 0.029878
v -0.029510 0.080490 0.029701
v -0.030000 0.080212 0.029464
v -0.030988 0.079878 0.028400
v -0.030469 0.079531 0.028400
v -0.030866 0.080122 0.029012
v -0.030490 0.080000 0.028991
v -0.030212 0.079788 0.028976
v -0.051600 0.020000 0.011600
v -0.050000 0.018400 0.008400
v -0.048400 0.018400 0.010000
v -0.050988 0.019878 0.010866
v -0.050469 0.019531 0.010000
v -0.050866 0.019878 0.010988
v -0.050490 0.019701 0.010490
v -0.050212 0.019464 0.010000
v -0.050000 0.019320 0.010000
v -0.049878 0.018400 0.009012
v -0.049531 0.018400 0.009531
v -0.050122 0.019012 0.009134
v -0.050000 0.018991 0.009510
v -0.049788 0.018976 0.009788
v -0.049134 0.019012 0.010122
v -0.050000 0.019531 0.010469
v -0.049012 0.018400 0.009878
v -0.049510 0.018991 0.010000
v -0.050000 0.019464 0.010212
v -0.020000 0.018400 0.008400
v -0.018400 0.020000 0.011600
v -0.021600 0.018400 0.010000
v -0.019878 0.019012 0.009134
v -0.019531 0.019531 0.010000
v -0.020122 0.018400 0.009012
v -0.020000 0.018991 0.009510
v -0.019788 0.019464 0.010000
v -0.020000 0.019320 0.010000
v -0.019134 0.019878 0.010988
v -0.020000 0.019531 0.010469
v -0.019012 0.019878 0.010866
v -0.019510 0.019701 0.010490
v -0.020000 0.019464 0.010212
v -0.020988 0.018400 0.009878
v -0.020469 0.018400 0.009531
v -0.020866 0.019012 0.010122
v -0.020490 0.018991 0.010000
v -0.020212 0.018976 0.009788
v 0.058400 0.090000 0.030000
v 0.060000 0.086800 0.028400
v 0.059012 0.089756 0.029878
v 0.059531 0.089063 0.029531
v 0.059878 0.088025 0.029012
v 0.025000 0.018400 0.010000
v 0.025000 0.020000 0.011600
v 0.025000 0.019012 0.010122
v 0.025000 0.019531 0.010469
v 0.025000 0.019878 0.010988
v -0.080000 0.058400 0.008400
v -0.078400 0.058400 0.010000
v -0.078400 0.060000 0.008400
v -0.079878 0.058400 0.009012
v -0.079531 0.058400 0.009531
v -0.079878 0.059012 0.008400
v -0.079731 0.059028 0.009028
v -0.079450 0.058996 0.009450
v -0.079324 0.059324 0.009324
v -0.078400 0.059012 0.009878
v -0.078400 0.059531 0.009531
v -0.079012 0.058400 0.009878
v -0.079028 0.059028 0.009731
v -0.078996 0.059450 0.009450
v -0.079012 0.059878 0.008400
v -0.079531 0.059531 0.008400
v -0.078400 0.059878 0.009012
v -0.079028 0.059731 0.009028
v -0.079450 0.059450 0.008996
v -0.058400 0.020000 0.028400
v -0.058400 0.021600 0.030000
v -0.060000 0.021600 0.028400
v -0.058400 0.020122 0.029012
v -0.058400 0.020469 0.029531
v -0.059012 0.020122 0.028400
v -0.059028 0.020269 0.029028
v -0.058996 0.020550 0.029450
v -0.059324 0.020676 0.029324
v -0.059012 0.021600 0.029878
v -0.059531 0.021600 0.029531
v -0.058400 0.020988 0.029878
v -0.059028 0.020972 0.029731
v -0.059450 0.021004 0.029450
v -0.059878 0.020988 0.028400
v -0.059531 0.020469 0.028400
v -0.059878 0.021600 0.029012
v -0.059731 0.020972 0.029028
v -0.059450 0.020550 0.028996
v 0.020000 0.018400 -0.008400
v 0.018400 0.020000 -0.011600
v 0.021600 0.018400 -0.010000
v 0.019878 0.019012 -0.009134
v 0.019531 0.019531 -0.010000
v 0.020122 0.018400 -0.009012
v 0.020000 0.018991 -0.009510
v 0.019788 0.019464 -0.010000
v 0.020000 0.019320 -0.010000
v 0.019134 0.019878 -0.010988
v 0.020000 0.019531 -0.010469
v 0.019012 0.019878 -0.010866
v 0.019510 0.019701 -0.010490
v 0.020000 0.019464 -0.010212
v 0.020988 0.018400 -0.009878
v 0.020469 0.018400 -0.009531
v 0.020866 0.019012 -0.010122
v 0.020490 0.018991 -0.010000
v 0.020212 0.018976 -0.009788
v 0.078400 0.041600 0.010000
v 0.078400 0.040000 0.008400
v 0.080000 0.041600 0.008400
v 0.078400 0.040988 0.009878
v 0.078400 0.040469 0.009531
v 0.079012 0.041600 0.009878
v 0.079028 0.040972 0.009731
v 0.078996 0.040550 0.009450
v 0.079324 0.040676 0.009324
v 0.079012 0.040122 0.008400
v 0.079531 0.040469 0.008400
v 0.078400 0.040122 0.009012
v 0.079028 0.040269 0.009028
v 0.079450 0.040550 0.008996
v 0.079878 0.041600 0.009012
v 0.079531 0.041600 0.009531
v 0.079878 0.040988 0.008400
v 0.079731 0.040972 0.009028
v 0.079450 0.041004 0.009450
v -0.050000 0.001600 -0.008400
v -0.048400 0.001600 -0.010000
v -0.048400 0.000000 -0.008400
v -0.049878 0.001600 -0.009012
v -0.049531 0.001600 -0.009531
v -0.049878 0.000988 -0.008400
v -0.049731 0.000972 -0.009028
v -0.049450 0.001004 -0.009450
v -0.049324 0.000676 -0.009324
v -0.048400 0.000988 -0.009878
v -0.048400 0.000469 -0.009531
v -0.049012 0.001600 -0.009878
v -0.049028 0.000972 -0.009731
v -0.048996 0.000550 -0.009450
v -0.049012 0.000122 -0.008400
v -0.049531 0.000469 -0.008400
v -0.048400 0.000122 -0.009012
v -0.049028 0.000269 -0.009028
v -0.049450 0.000550 -0.008996
v 0.041600 0.001600 0.010000
v 0.040000 0.001600 0.008400
v 0.041600 0.000000 0.008400
v 0.040988 0.001600 0.009878
v 0.040469 0.001600 0.009531
v 0.041600 0.000988 0.009878
v 0.040972 0.000972 0.009731
v 0.040550 0.001004 0.009450
v 0.040676 0.000676 0.009324
v 0.040122 0.000988 0.008400
v 0.040469 0.000469 0.008400
v 0.040122 0.001600 0.009012
v 0.040269 0.000972 0.009028
v 0.040550 0.000550 0.008996
v 0.041600 0.000122 0.009012
v 0.041600 0.000469 0.009531
v 0.040988 0.000122 0.008400
v 0.040972 0.000269 0.009028
v 0.041004 0.000550 0.009450
v -0.041600 0.001600 0.010000
v -0.041600 0.000000 0.008400
v -0.040000 0.001600 0.008400
v -0.041600 0.000988 0.009878
v -0.041600 0.000469 0.009531
v -0.040988 0.001600 0.009878
v -0.040972 0.000972 0.009731
v -0.041004 0.000550 0.009450
v -0.040676 0.000676 0.009324
v -0.040988 0.000122 0.008400
v -0.040469 0.000469 0.008400
v -0.041600 0.000122 0.009012
v -0.040972 0.000269 0.009028
v -0.040550 0.000550 0.008996
v -0.040122 0.001600 0.009012
v -0.040469 0.001600 0.009531
v -0.040122 0.000988 0.008400
v -0.040269 0.000972 0.009028
v -0.040550 0.001004 0.009450
v -0.031600 0.060000 0.026600
v -0.030000 0.061600 0.026600
v -0.031600 0.061600 0.025000
v -0.030988 0.060122 0.026600
v -0.030469 0.060469 0.026600
v -0.031600 0.060122 0.025988
v -0.030972 0.060269 0.025972
v -0.030550 0.060550 0.026004
v -0.030676 0.060676 0.025676
v -0.030122 0.061600 0.025988
v -0.030469 0.061600 0.025469
v -0.030122 0.060988 0.026600
v -0.030269 0.060972 0.025972
v -0.030550 0.061004 0.025550
v -0.031600 0.060988 0.025122
v -0.031600 0.060469 0.025469
v -0.030988 0.061600 0.025122
v -0.030972 0.060972 0.025269
v -0.031004 0.060550 0.025550
v -0.058400 0.021600 -0.030000
v -0.058400 0.020000 -0.028400
v -0.060000 0.021600 -0.028400
v -0.058400 0.020988 -0.029878
v -0.058400 0.020469 -0.029531
v -0.059012 0.021600 -0.029878
v -0.059028 0.020972 -0.029731
v -0.058996 0.020550 -0.029450
v -0.059324 0.020676 -0.029324
v -0.059012 0.020122 -0.028400
v -0.059531 0.020469 -0.028400
v -0.058400 0.020122 -0.029012
v -0.059028 0.020269 -0.029028
v -0.059450 0.020550 -0.028996
v -0.059878 0.021600 -0.029012
v -0.059531 0.021600 -0.029531
v -0.059878 0.020988 -0.028400
v -0.059731 0.020972 -0.029028
v -0.059450 0.021004 -0.029450
v -0.031600 0.020000 0.003400
v -0.030000 0.018400 0.005000
v -0.030988 0.019878 0.004012
v -0.030469 0.019531 0.004531
v -0.030122 0.019012 0.004878
v 0.035000 0.021600 -0.030000
v 0.035800 0.020000 -0.028400
v 0.035061 0.020988 -0.029878
v 0.035234 0.020469 -0.029531
v 0.035494 0.020122 -0.029012
v -0.058400 0.100000 -0.028400
v -0.058400 0.098400 -0.030000
v -0.060000 0.098400 -0.028400
v -0.058400 0.099878 -0.029012
v -0.058400 0.099531 -0.029531
v -0.059012 0.099878 -0.028400
v -0.059028 0.099731 -0.029028
v -0.058996 0.099450 -0.029450
v -0.059324 0.099324 -0.029324
v -0.059012 0.098400 -0.029878
v -0.059531 0.098400 -0.029531
v -0.058400 0.099012 -0.029878
v -0.059028 0.099028 -0.029731
v -0.059450 0.098996 -0.029450
v -0.059878 0.099012 -0.028400
v -0.059531 0.099531 -0.028400
v -0.059878 0.098400 -0.029012
v -0.059731 0.099028 -0.029028
v -0.059450 0.099450 -0.028996
v -0.021600 0.001600 0.010000
v -0.021600 0.000000 0.008400
v -0.020000 0.001600 0.008400
v -0.021600 0.000988 0.009878
v -0.021600 0.000469 0.009531
v -0.020988 0.001600 0.009878
v -0.020972 0.000972 0.009731
v -0.021004 0.000550 0.009450
v -0.020676 0.000676 0.009324
v -0.020988 0.000122 0.008400
v -0.020469 0.000469 0.008400
v -0.021600 0.000122 0.009012
v -0.020972 0.000269 0.009028
v -0.020550 0.000550 0.008996
v -0.020122 0.001600 0.009012
v -0.020469 0.001600 0.009531
v -0.020122 0.000988 0.008400
v -0.020269 0.000972 0.009028
v -0.020550 0.001004 0.009450
v 0.080000 0.058400 -0.008400
v 0.078400 0.058400 -0.010000
v 0.078400 0.060000 -0.008400
v 0.079878 0.058400 -0.009012
v 0.079531 0.058400 -0.009531
v 0.079878 0.059012 -0.008400
v 0.079731 0.059028 -0.009028
v 0.079450 0.058996 -0.009450
v 0.079324 0.059324 -0.009324
v 0.078400 0.059012 -0.009878
v 0.078400 0.059531 -0.009531
v 0.079012 0.058400 -0.009878
v 0.079028 0.059028 -0.009731
v 0.078996 0.059450 -0.009450
v 0.079012 0.059878 -0.008400
v 0.079531 0.059531 -0.008400
v 0.078400 0.059878 -0.009012
v 0.079028 0.059731 -0.009028
v 0.079450 0.059450 -0.008996
v -0.058400 0.098400 0.030000
v -0.058400 0.100000 0.028400
v -0.060000 0.098400 0.028400
v -0.058400 0.099012 0.029878
v -0.058400 0.099531 0.029531
v -0.059012 0.098400 0.029878
v -0.059028 0.099028 0.029731
v -0.058996 0.099450 0.029450
v -0.059324 0.099324 0.029324
v -0.059012 0.099878 0.028400
v -0.059531 0.099531 0.028400
v -0.058400 0.099878 0.029012
v -0.059028 0.099731 0.029028
v -0.059450 0.099450 0.028996
v -0.059878 0.098400 0.029012
v -0.059531 0.098400 0.029531
v -0.059878 0.099012 0.028400
v -0.059731 0.099028 0.029028
v -0.059450 0.098996 0.029450
v 0.010000 0.020000 0.028400
v 0.009067 0.021600 0.030000
v 0.009929 0.020122 0.029012
v 0.009727 0.020469 0.029531
v 0.009424 0.020988 0.029878
v 0.021600 0.000000 0.008400
v 0.021600 0.001600 0.010000
v 0.020000 0.001600 0.008400
v 0.021600 0.000122 0.009012
v 0.021600 0.000469 0.009531
v 0.020988 0.000122 0.008400
v 0.020972 0.000269 0.009028
v 0.021004 0.000550 0.009450
v 0.020676 0.000676 0.009324
v 0.020988 0.001600 0.009878
v 0.020469 0.001600 0.009531
v 0.021600 0.000988 0.009878
v 0.020972 0.000972 0.009731
v 0.020550 0.001004 0.009450
v 0.020122 0.000988 0.008400
v 0.020469 0.000469 0.008400
v 0.020122 0.001600 0.009012
v 0.020269 0.000972 0.009028
v 0.020550 0.000550 0.008996
v 0.058400 0.020000 0.028400
v 0.060000 0.021600 0.028400
v 0.058400 0.021600 0.030000
v 0.059012 0.020122 0.028400
v 0.059531 0.020469 0.028400
v 0.058400 0.020122 0.029012
v 0.059028 0.020269 0.029028
v 0.059450 0.020550 0.028996
v 0.059324 0.020676 0.029324
v 0.059878 0.021600 0.029012
v 0.059531 0.021600 0.029531
v 0.059878 0.020988 0.028400
v 0.059731 0.020972 0.029028
v 0.059450 0.021004 0.029450
v 0.058400 0.020988 0.029878
v 0.058400 0.020469 0.029531
v 0.059012 0.021600 0.029878
v 0.059028 0.020972 0.029731
v 0.058996 0.020550 0.029450
v 0.058400 0.021600 -0.030000
v 0.060000 0.021600 -0.028400
v 0.058400 0.020000 -0.028400
v 0.059012 0.021600 -0.029878
v 0.059531 0.021600 -0.029531
v 0.058400 0.020988 -0.029878
v 0.059028 0.020972 -0.029731
v 0.059450 0.021004 -0.029450
v 0.059324 0.020676 -0.029324
v 0.059878 0.020988 -0.028400
v 0.059531 0.020469 -0.028400
v 0.059878 0.021600 -0.029012
v 0.059731 0.020972 -0.029028
v 0.059450 0.020550 -0.028996
v 0.058400 0.020122 -0.029012
v 0.058400 0.020469 -0.029531
v 0.059012 0.020122 -0.028400
v 0.059028 0.020269 -0.029028
v 0.058996 0.020550 -0.029450
v 0.030000 0.001600 0.008400
v 0.028400 0.001600 0.010000
v 0.028400 0.000000 0.008400
v 0.029878 0.001600 0.009012
v 0.029531 0.001600 0.009531
v 0.029878 0.000988 0.008400
v 0.029731 0.000972 0.009028
v 0.029450 0.001004 0.009450
v 0.029324 0.000676 0.009324
v 0.028400 0.000988 0.009878
v 0.028400 0.000469 0.009531
v 0.029012 0.001600 0.009878
v 0.029028 0.000972 0.009731
v 0.028996 0.000550 0.009450
v 0.029012 0.000122 0.008400
v 0.029531 0.000469 0.008400
v 0.028400 0.000122 0.009012
v 0.029028 0.000269 0.009028
v 0.029450 0.000550 0.008996
vn -0.0000 -0.0000 -1.0000
vn 0.3827 -0.0000 -0.9239
vn 0.3673 -0.3673 -0.8545
vn -0.0000 -0.3827 -0.9239
vn 0.7071 -0.0000 -0.7071
vn 0.6663 -0.3347 -0.6663
vn 0.3347 -0.6663 -0.6663
vn -0.0000 -0.7071 -0.7071
vn 0.5773 -0.5773 -0.5774
vn 1.0000 -0.0000 -0.0000
vn 0.9239 -0.3827 -0.0000
vn 0.8545 -0.3673 -0.3673
vn 0.9239 -0.0000 -0.3827
vn 0.7071 -0.7071 -0.0000
vn 0.6663 -0.6663 -0.3347
vn -0.0000 -1.0000 -0.0000
vn -0.0000 -0.9239 -0.3827
vn 0.3673 -0.8545 -0.3673
vn 0.3827 -0.9239 -0.0000
vn -0.0000 -0.0000 1.0000
vn -0.3827 -0.0000 0.9239
vn -0.3673 -0.3673 0.8545
vn -0.0000 -0.3827 0.9239
vn -0.7071 -0.0000 0.7071
vn -0.6663 -0.3347 0.6663
vn -0.3347 -0.6663 0.6663
vn -0.0000 -0.7071 0.7071
vn -0.5774 -0.5774 0.5773
vn -1.0000 -0.0000 -0.0000
vn -0.9239 -0.3827 -0.0000
vn -0.8545 -0.3673 0.3673
vn -0.9239 -0.0000 0.3827
vn -0.7071 -0.7071 -0.0000
vn -0.6663 -0.6663 0.3347
vn -0.0000 -0.9239 0.3827
vn -0.3673 -0.8545 0.3673
vn -0.3827 -0.9239 -0.0000
vn -0.0000 0.3826 0.9239
vn 0.2381 0.2381 0.9416
vn 0.3826 -0.0000 0.9239
vn -0.0000 0.7071 0.7071
vn 0.3631 0.4097 0.8368
vn 0.4098 0.3631 0.8368
vn 0.7071 -0.0000 0.7071
vn 0.4819 0.4819 0.7318
vn -0.0000 1.0000 -0.0000
vn 0.3827 0.9239 -0.0000
vn 0.3974 0.6608 0.6368
vn -0.0000 0.9239 0.3827
vn 0.7071 0.7071 0.0001
vn 0.5545 0.5545 0.6205
vn 0.9239 -0.0000 0.3827
vn 0.6608 0.3974 0.6368
vn 0.9239 0.3827 -0.0000
vn 0.6608 -0.3974 0.6368
vn 0.7071 -0.7071 0.0001
vn 0.5545 -0.5545 0.6205
vn 0.4097 -0.3631 0.8368
vn 0.4819 -0.4819 0.7318
vn 0.3974 -0.6608 0.6368
vn 0.3631 -0.4098 0.8368
vn 0.2381 -0.2381 0.9416
vn -0.0000 -0.3826 0.9239
vn 0.8545 -0.3673 0.3673
vn 0.6663 -0.3347 0.6663
vn 0.6663 -0.6663 0.3347
vn 0.5774 -0.5774 0.5773
vn 0.3673 -0.3673 0.8545
vn 0.3827 -0.0000 0.9239
vn 0.3347 -0.6663 0.6663
vn 0.3673 -0.8545 0.3673
vn -0.2381 -0.9416 -0.2381
vn -0.3631 -0.8368 -0.4097
vn -0.4098 -0.8368 -0.3631
vn -0.4819 -0.7318 -0.4819
vn -0.3827 -0.0000 -0.9239
vn -0.3974 -0.6368 -0.6608
vn -0.7071 -0.0001 -0.7071
vn -0.5545 -0.6205 -0.5545
vn -0.6608 -0.6368 -0.3974
vn -0.9239 -0.0000 -0.3827
vn -0.3631 -0.8368 -0.4098
vn -0.9239 -0.0001 -0.3827
vn -0.4097 -0.8368 -0.3631
vn 0.2381 -0.9416 -0.2381
vn 0.4097 -0.8368 -0.3631
vn 0.3631 -0.8368 -0.4098
vn 0.4819 -0.7318 -0.4819
vn 0.6608 -0.6368 -0.3974
vn 0.7071 -0.0001 -0.7071
vn 0.5545 -0.6205 -0.5545
vn 0.3974 -0.6368 -0.6608
vn 0.4098 -0.8368 -0.3631
vn 0.3631 -0.8368 -0.4097
vn -0.0000 0.3827 -0.9239
vn -0.6368 0.3974 -0.6608
vn -0.0001 0.7071 -0.7071
vn -0.6205 0.5545 -0.5545
vn -0.8368 0.3631 -0.4098
vn -0.7071 -0.0000 -0.7071
vn -0.7318 0.4819 -0.4819
vn -0.3827 0.9239 -0.0000
vn -0.6368 0.6608 -0.3974
vn -0.0001 0.9239 -0.3827
vn -0.7071 0.7071 -0.0000
vn -0.8368 0.4097 -0.3631
vn -0.9239 -0.0000 -0.3826
vn -0.9416 0.2381 -0.2381
vn -0.9239 0.3827 -0.0000
vn -0.5774 -0.5773 0.5774
vn 0.3826 -0.9239 -0.0000
vn -0.6368 -0.3974 0.6608
vn -0.0001 -0.7071 0.7071
vn -0.6205 -0.5545 0.5545
vn -0.8368 -0.3631 0.4097
vn -0.7318 -0.4819 0.4819
vn -0.6368 -0.6608 0.3974
vn -0.8368 -0.4098 0.3631
vn -0.9416 -0.2381 0.2381
vn -0.3974 -0.6368 0.6608
vn -0.3631 -0.8368 0.4097
vn -0.5545 -0.6205 0.5545
vn -0.7071 -0.0001 0.7071
vn -0.4819 -0.7318 0.4819
vn -0.2381 -0.9416 0.2381
vn -0.4098 -0.8368 0.3631
vn -0.6608 -0.6368 0.3974
vn -0.3673 0.3673 -0.8545
vn -0.6663 0.3347 -0.6663
vn -0.3347 0.6663 -0.6663
vn -0.0000 0.7071 -0.7071
vn -0.5774 0.5773 -0.5774
vn -0.8545 0.3673 -0.3673
vn -0.6663 0.6663 -0.3347
vn -0.0000 0.9239 -0.3827
vn -0.3673 0.8545 -0.3673
vn 0.6608 -0.6368 0.3974
vn 0.9239 -0.0001 0.3827
vn 0.4097 -0.8368 0.3631
vn 0.5545 -0.6205 0.5545
vn 0.7071 -0.0001 0.7071
vn 0.4819 -0.7318 0.4819
vn 0.2381 -0.9416 0.2381
vn 0.3631 -0.8368 0.4098
vn 0.3974 -0.6368 0.6608
vn -0.2381 -0.2381 0.9416
vn -0.3826 -0.0000 0.9239
vn -0.3631 -0.4098 0.8368
vn -0.4098 -0.3631 0.8368
vn -0.4819 -0.4819 0.7318
vn -0.3974 -0.6608 0.6368
vn -0.7071 -0.7071 0.0001
vn -0.5545 -0.5545 0.6205
vn -0.6608 -0.3974 0.6368
vn 0.9416 0.2381 0.2381
vn 0.8368 0.3631 0.4098
vn 0.8368 0.4097 0.3631
vn 0.7071 0.7071 -0.0000
vn 0.7318 0.4819 0.4819
vn -0.0000 0.3827 0.9239
vn 0.6368 0.3974 0.6608
vn 0.0001 0.7071 0.7071
vn 0.6205 0.5545 0.5545
vn 0.6368 0.6608 0.3974
vn 0.0001 0.9239 0.3827
vn 0.3673 0.3673 0.8545
vn 0.6663 0.3347 0.6663
vn 0.3347 0.6663 0.6663
vn 0.5774 0.5774 0.5773
vn 0.8545 0.3673 0.3673
vn 0.6663 0.6663 0.3347
vn 0.3673 0.8545 0.3673
vn 0.3673 0.3673 -0.8545
vn 0.3347 0.6663 -0.6663
vn 0.6663 0.3347 -0.6663
vn 0.5773 0.5774 -0.5774
vn -0.0000 1.0000 -0.0001
vn 0.3673 0.8545 -0.3673
vn 0.6663 0.6663 -0.3347
vn 0.8545 0.3673 -0.3673
vn 0.5774 -0.5773 -0.5774
vn -0.3673 -0.3673 -0.8545
vn -0.3347 -0.6663 -0.6663
vn -0.6663 -0.3347 -0.6663
vn -0.5774 -0.5773 -0.5774
vn -0.3673 -0.8545 -0.3673
vn -0.6663 -0.6663 -0.3347
vn -0.8545 -0.3673 -0.3673
vn 0.6368 -0.6608 -0.3974
vn 0.8368 -0.4098 -0.3631
vn 0.6205 -0.5545 -0.5545
vn 0.0001 -0.7071 -0.7071
vn 0.7318 -0.4819 -0.4819
vn 0.9416 -0.2381 -0.2381
vn 0.8368 -0.3631 -0.4097
vn 0.6368 -0.3974 -0.6608
vn -0.2381 0.2381 0.9416
vn -0.4097 0.3631 0.8368
vn -0.3631 0.4097 0.8368
vn -0.4819 0.4819 0.7318
vn -0.6608 0.3974 0.6368
vn -0.7071 0.7071 0.0001
vn -0.5545 0.5545 0.6205
vn -0.3974 0.6608 0.6368
vn -0.3826 -0.9239 -0.0000
vn 0.3631 -0.8368 0.4097
vn 0.4098 -0.8368 0.3631
vn 0.6368 -0.3974 0.6608
vn 0.8368 -0.3631 0.4097
vn 0.6205 -0.5545 0.5545
vn 0.0001 -0.7071 0.7071
vn 0.7318 -0.4819 0.4819
vn 0.9416 -0.2381 0.2381
vn 0.8368 -0.4098 0.3631
vn 0.6368 -0.6608 0.3974
vn -0.5774 -0.5774 -0.5773
vn -0.4097 -0.8368 0.3631
vn -0.3631 -0.8368 0.4098
vn -0.6368 -0.6608 -0.3974
vn -0.0001 -0.7071 -0.7071
vn -0.6205 -0.5545 -0.5545
vn -0.8368 -0.4098 -0.3631
vn -0.7318 -0.4819 -0.4819
vn -0.6368 -0.3974 -0.6608
vn -0.8368 -0.3631 -0.4097
vn -0.9416 -0.2381 -0.2381
vn -0.8545 0.3673 0.3673
vn -0.6663 0.3347 0.6663
vn -0.6663 0.6663 0.3347
vn -0.5774 0.5773 0.5773
vn -0.3673 0.3673 0.8545
vn -0.3347 0.6663 0.6663
vn -0.3673 0.8545 0.3673
vn 0.6368 0.6608 -0.3974
vn 0.0001 0.7071 -0.7071
vn 0.6205 0.5545 -0.5545
vn 0.8368 0.4097 -0.3631
vn 0.7318 0.4819 -0.4819
vn 0.6368 0.3974 -0.6608
vn 0.8368 0.3631 -0.4098
vn 0.9416 0.2381 -0.2381
vn 0.9239 -0.0000 -0.3826
vn 0.3674 0.8545 0.3673
vn 0.5774 0.5773 0.5774
vn 0.4098 -0.3631 0.8368
vn -0.0000 -0.9239 -0.3826
vn 0.9239 -0.0001 -0.3827
vn -0.6368 0.3974 0.6608
vn -0.8368 0.3631 0.4098
vn -0.6205 0.5545 0.5545
vn -0.0001 0.7071 0.7071
vn -0.7318 0.4819 0.4819
vn -0.9416 0.2381 0.2381
vn -0.9239 -0.0000 0.3826
vn -0.8368 0.4097 0.3631
vn -0.6368 0.6608 0.3974
vn -0.4098 0.3631 0.8368
vn 0.5774 0.5774 0.5774
vn -0.5774 -0.5773 -0.5773
vn -0.4097 -0.3631 0.8368
vn -0.0000 -0.9239 0.3826
vn -0.9239 -0.0001 0.3827
vn 0.5774 -0.5773 0.5773
vn 0.5774 -0.5773 0.5774
vn -0.5774 0.5774 0.5773
vn -0.5773 -0.5774 -0.5773
vn -0.5773 0.5774 -0.5774
vn 0.5774 0.5773 -0.5773
vn -0.5773 0.5774 0.5774
vn 0.5774 -0.5774 -0.5774
vn -1.0000 -0.0001 -0.0000
vn -1.0000 -0.0000 0.0001
vn 1.0000 -0.0000 0.0001
s 1
usemtl Clawd_Orange
f 7//1 10//2 13//3 12//4
f 10//2 11//5 14//6 13//3
f 12//4 13//3 25//7 22//8
f 13//3 14//6 15//9 25//7
f 8//10 16//11 19//12 18//13
f 16//11 17//14 20//15 19//12
f 18//13 19//12 14//6 11//5
f 19//12 20//15 15//9 14//6
f 9//16 21//17 24//18 23//19
f 21//17 22//8 25//7 24//18
f 23//19 24//18 20//15 17//14
f 24//18 25//7 15//9 20//15
f 45//20 48//38 51//39 50//40
f 48//38 49//41 52//42 51//39
f 50//40 51//39 63//43 60//44
f 51//39 52//42 53//45 63//43
f 66//20 78//40 81//62 80//63
f 78//40 79//44 82//58 81//62
f 80//63 81//62 77//61 74//27
f 81//62 82//58 72//59 77//61
f 102//16 105//17 108//72 107//37
f 105//17 106//8 109//73 108//72
f 107//37 108//72 120//74 117//33
f 108//72 109//73 110//75 120//74
f 103//1 111//76 114//77 113//4
f 111//76 112//78 115//79 114//77
f 113//4 114//77 109//73 106//8
f 114//77 115//79 110//75 109//73
f 104//29 116//30 119//80 118//81
f 116//30 117//33 120//74 119//80
f 118//81 119//80 115//79 112//78
f 119//80 120//74 110//75 115//79
f 121//1 124//76 127//77 126//4
f 124//76 125//78 128//79 127//77
f 126//4 127//77 139//82 136//8
f 127//77 128//79 129//75 139//82
f 122//29 130//30 133//80 132//83
f 130//30 131//33 134//84 133//80
f 132//83 133//80 128//79 125//78
f 133//80 134//84 129//75 128//79
f 123//16 135//17 138//72 137//37
f 135//17 136//8 139//82 138//72
f 137//37 138//72 134//84 131//33
f 138//72 139//82 129//75 134//84
f 140//16 143//19 146//85 145//17
f 143//19 144//14 147//86 146//85
f 145//17 146//85 158//87 155//8
f 146//85 147//86 148//88 158//87
f 141//10 149//13 152//89 151//11
f 149//13 150//90 153//91 152//89
f 151//11 152//89 147//86 144//14
f 152//89 153//91 148//88 147//86
f 142//1 154//4 157//92 156//2
f 154//4 155//8 158//87 157//92
f 156//2 157//92 153//91 150//90
f 157//92 158//87 148//88 153//91
f 164//10 167//13 170//89 169//11
f 167//13 168//90 171//91 170//89
f 169//11 170//89 182//93 179//14
f 170//89 171//91 172//88 182//93
f 165//1 173//4 176//92 175//2
f 173//4 174//8 177//94 176//92
f 175//2 176//92 171//91 168//90
f 176//92 177//94 172//88 171//91
f 166//16 178//19 181//85 180//17
f 178//19 179//14 182//93 181//85
f 180//17 181//85 177//94 174//8
f 181//85 182//93 172//88 177//94
f 188//1 191//95 194//96 193//76
f 191//95 192//97 195//98 194//96
f 193//76 194//96 206//99 203//100
f 194//96 195//98 196//101 206//99
f 189//46 197//102 200//103 199//104
f 197//102 198//105 201//106 200//103
f 199//104 200//103 195//98 192//97
f 200//103 201//106 196//101 195//98
f 190//29 202//107 205//108 204//109
f 202//107 203//100 206//99 205//108
f 204//109 205//108 201//106 198//105
f 205//108 206//99 196//101 201//106
f 207//29 210//30 213//31 212//32
f 210//30 211//33 214//34 213//31
f 212//32 213//31 225//25 222//24
f 213//31 214//34 215//110 225//25
f 208//16 216//35 219//36 218//37
f 216//35 217//27 220//26 219//36
f 218//37 219//36 214//34 211//33
f 219//36 220//26 215//110 214//34
f 209//20 221//21 224//22 223//23
f 221//21 222//24 225//25 224//22
f 223//23 224//22 220//26 217//27
f 224//22 225//25 215//110 220//26
f 231//10 234//13 237//89 236//11
f 234//13 235//90 238//91 237//89
f 236//11 237//89 249//93 246//14
f 237//89 238//91 239//88 249//93
f 232//1 240//4 243//92 242//2
f 240//4 241//8 244//94 243//92
f 242//2 243//92 238//91 235//90
f 243//92 244//94 239//88 238//91
f 233//16 245//111 248//85 247//17
f 245//111 246//14 249//93 248//85
f 247//17 248//85 244//94 241//8
f 248//85 249//93 239//88 244//94
f 250//16 253//35 256//36 255//37
f 253//35 254//27 257//26 256//36
f 255//37 256//36 268//34 265//33
f 256//36 257//26 258//110 268//34
f 251//20 259//21 262//22 261//23
f 259//21 260//24 263//25 262//22
f 261//23 262//22 257//26 254//27
f 262//22 263//25 258//110 257//26
f 252//29 264//30 267//31 266//32
f 264//30 265//33 268//34 267//31
f 266//32 267//31 263//25 260//24
f 267//31 268//34 258//110 263//25
f 274//20 277//23 280//112 279//21
f 277//23 278//113 281//114 280//112
f 279//21 280//112 292//115 289//24
f 280//112 281//114 282//116 292//115
f 275//16 283//37 286//117 285//35
f 283//37 284//33 287//118 286//117
f 285//35 286//117 281//114 278//113
f 286//117 287//118 282//116 281//114
f 276//29 288//32 291//119 290//30
f 288//32 289//24 292//115 291//119
f 290//30 291//119 287//118 284//33
f 291//119 292//115 282//116 287//118
f 303//20 306//23 309//120 308//21
f 306//23 307//27 310//121 309//120
f 308//21 309//120 321//122 318//123
f 309//120 310//121 311//124 321//122
f 304//16 312//37 315//125 314//35
f 312//37 313//33 316//126 315//125
f 314//35 315//125 310//121 307//27
f 315//125 316//126 311//124 310//121
f 305//29 317//32 320//127 319//30
f 317//32 318//123 321//122 320//127
f 319//30 320//127 316//126 313//33
f 320//127 321//122 311//124 316//126
f 322//1 325//76 328//128 327//95
f 325//76 326//100 329//129 328//128
f 327//95 328//128 340//130 337//131
f 328//128 329//129 330//132 340//130
f 323//29 331//109 334//133 333//81
f 331//109 332//105 335//134 334//133
f 333//81 334//133 329//129 326//100
f 334//133 335//134 330//132 329//129
f 324//46 336//135 339//136 338//102
f 336//135 337//131 340//130 339//136
f 338//102 339//136 335//134 332//105
f 339//136 340//130 330//132 335//134
f 341//10 344//11 347//137 346//138
f 344//11 345//14 348//139 347//137
f 346//138 347//137 359//140 356//141
f 347//137 348//139 349//142 359//140
f 342//16 350//35 353//143 352//19
f 350//35 351//27 354//144 353//143
f 352//19 353//143 348//139 345//14
f 353//143 354//144 349//142 348//139
f 343//20 355//69 358//145 357//23
f 355//69 356//141 359//140 358//145
f 357//23 358//145 354//144 351//27
f 358//145 359//140 349//142 354//144
f 360//20 363//63 366//146 365//147
f 363//63 364//27 367//148 366//146
f 365//147 366//146 378//149 375//24
f 366//146 367//148 368//150 378//149
f 379//10 382//52 385//155 384//54
f 382//52 383//44 386//156 385//155
f 384//54 385//155 397//157 394//158
f 385//155 386//156 387//159 397//157
f 380//20 388//160 391//161 390//69
f 388//160 389//162 392//163 391//161
f 390//69 391//161 386//156 383//44
f 391//161 392//163 387//159 386//156
f 381//46 393//47 396//164 395//165
f 393//47 394//158 397//157 396//164
f 395//165 396//164 392//163 389//162
f 396//164 397//157 387//159 392//163
f 398//20 401//69 404//166 403//160
f 401//69 402//44 405//167 404//166
f 403//160 404//166 416//168 413//41
f 404//166 405//167 406//169 416//168
f 399//10 407//54 410//170 409//52
f 407//54 408//158 411//171 410//170
f 409//52 410//170 405//167 402//44
f 410//170 411//171 406//169 405//167
f 400//46 412//49 415//172 414//47
f 412//49 413//41 416//168 415//172
f 414//47 415//172 411//171 408//158
f 415//172 416//168 406//169 411//171
f 417//29 420//30 423//31 422//32
f 420//30 421//33 424//34 423//31
f 422//32 423//31 435//25 432//24
f 423//31 424//34 425//28 435//25
f 418//16 426//35 429//36 428//37
f 426//35 427//27 430//26 429//36
f 428//37 429//36 424//34 421//33
f 429//36 430//26 425//28 424//34
f 419//20 431//21 434//22 433//23
f 431//21 432//24 435//25 434//22
f 433//23 434//22 430//26 427//27
f 434//22 435//25 425//28 430//26
f 436//1 439//95 442//173 441//2
f 439//95 440//131 443//174 442//173
f 441//2 442//173 454//175 451//5
f 442//173 443//174 444//176 454//175
f 437//177 445//47 448//178 447//135
f 445//47 446//158 449//179 448//178
f 447//135 448//178 443//174 440//131
f 448//178 449//179 444//176 443//174
f 438//10 450//13 453//180 452//54
f 450//13 451//5 454//175 453//180
f 452//54 453//180 449//179 446//158
f 453//180 454//175 444//176 449//179
f 455//10 458//11 461//12 460//13
f 458//11 459//14 462//15 461//12
f 460//13 461//12 473//6 470//5
f 461//12 462//15 463//181 473//6
f 456//16 464//17 467//18 466//19
f 464//17 465//8 468//7 467//18
f 466//19 467//18 462//15 459//14
f 467//18 468//7 463//181 462//15
f 457//1 469//2 472//3 471//4
f 469//2 470//5 473//6 472//3
f 471//4 472//3 468//7 465//8
f 472//3 473//6 463//181 468//7
f 498//1 501//4 504//182 503//76
f 501//4 502//8 505//183 504//182
f 503//76 504//182 516//184 513//100
f 504//182 505//183 506//185 516//184
f 499//16 507//37 510//186 509//17
f 507//37 508//33 511//187 510//186
f 509//17 510//186 505//183 502//8
f 510//186 511//187 506//185 505//183
f 500//29 512//81 515//188 514//30
f 512//81 513//100 516//184 515//188
f 514//30 515//188 511//187 508//33
f 515//188 516//184 506//185 511//187
f 517//10 520//11 523//12 522//13
f 520//11 521//14 524//15 523//12
f 522//13 523//12 535//6 532//5
f 523//12 524//15 525//181 535//6
f 518//16 526//17 529//18 528//19
f 526//17 527//8 530//7 529//18
f 528//19 529//18 524//15 521//14
f 529//18 530//7 525//181 524//15
f 519//1 531//2 534//3 533//4
f 531//2 532//5 535//6 534//3
f 533//4 534//3 530//7 527//8
f 534//3 535//6 525//181 530//7
f 536//16 539//19 542//189 541//17
f 539//19 540//14 543//190 542//189
f 541//17 542//189 554//191 551//192
f 542//189 543//190 544//193 554//191
f 537//10 545//13 548//194 547//11
f 545//13 546//5 549//195 548//194
f 547//11 548//194 543//190 540//14
f 548//194 549//195 544//193 543//190
f 538//1 550//4 553//196 552//2
f 550//4 551//192 554//191 553//196
f 552//2 553//196 549//195 546//5
f 553//196 554//191 544//193 549//195
f 555//20 558//147 561//197 560//38
f 558//147 559//24 562//198 561//197
f 560//38 561//197 573//199 570//41
f 561//197 562//198 563//200 573//199
f 574//29 577//30 580//80 579//81
f 577//30 578//33 581//74 580//80
f 579//81 580//80 592//79 589//78
f 580//80 581//74 582//75 592//79
f 575//16 583//17 586//72 585//205
f 583//17 584//8 587//73 586//72
f 585//205 586//72 581//74 578//33
f 586//72 587//73 582//75 581//74
f 576//1 588//76 591//77 590//4
f 588//76 589//78 592//79 591//77
f 590//4 591//77 587//73 584//8
f 591//77 592//79 582//75 587//73
f 622//20 625//23 628//120 627//21
f 625//23 626//27 629//121 628//120
f 627//21 628//120 640//122 637//123
f 628//120 629//121 630//124 640//122
f 623//16 631//205 634//125 633//35
f 631//205 632//33 635//126 634//125
f 633//35 634//125 629//121 626//27
f 634//125 635//126 630//124 629//121
f 624//29 636//32 639//127 638//30
f 636//32 637//123 640//122 639//127
f 638//30 639//127 635//126 632//33
f 639//127 640//122 630//124 635//126
f 641//16 644//35 647//143 646//111
f 644//35 645//27 648//206 647//143
f 646//111 647//143 659//207 656//14
f 647//143 648//206 649//142 659//207
f 642//20 650//69 653//145 652//23
f 650//69 651//141 654//140 653//145
f 652//23 653//145 648//206 645//27
f 653//145 654//140 649//142 648//206
f 643//10 655//11 658//137 657//52
f 655//11 656//14 659//207 658//137
f 657//52 658//137 654//140 651//141
f 658//137 659//207 649//142 654//140
f 660//20 663//69 666//208 665//23
f 663//69 664//44 667//209 666//208
f 665//23 666//208 678//210 675//211
f 666//208 667//209 668//212 678//210
f 661//10 669//11 672//213 671//52
f 669//11 670//14 673//214 672//213
f 671//52 672//213 667//209 664//44
f 672//213 673//214 668//212 667//209
f 662//16 674//35 677//215 676//19
f 674//35 675//211 678//210 677//215
f 676//19 677//215 673//214 670//14
f 677//215 678//210 668//212 673//214
f 684//1 687//4 690//182 689//76
f 687//4 688//8 691//183 690//182
f 689//76 690//182 702//184 699//100
f 690//182 691//183 692//216 702//184
f 685//16 693//37 696//186 695//17
f 693//37 694//33 697//187 696//186
f 695//17 696//186 691//183 688//8
f 696//186 697//187 692//216 691//183
f 686//29 698//81 701//188 700//30
f 698//81 699//100 702//184 701//188
f 700//30 701//188 697//187 694//33
f 701//188 702//184 692//216 697//187
f 703//16 706//37 709//125 708//35
f 706//37 707//33 710//217 709//125
f 708//35 709//125 721//218 718//27
f 709//125 710//217 711//124 721//218
f 704//29 712//32 715//127 714//30
f 712//32 713//123 716//122 715//127
f 714//30 715//127 710//217 707//33
f 715//127 716//122 711//124 710//217
f 705//20 717//23 720//120 719//21
f 717//23 718//27 721//218 720//120
f 719//21 720//120 716//122 713//123
f 720//120 721//218 711//124 716//122
f 722//16 725//17 728//219 727//37
f 725//17 726//220 729//221 728//219
f 727//37 728//219 740//222 737//33
f 728//219 729//221 730//223 740//222
f 723//1 731//76 734//224 733//4
f 731//76 732//100 735//225 734//224
f 733//4 734//224 729//221 726//220
f 734//224 735//225 730//223 729//221
f 724//29 736//30 739//226 738//81
f 736//30 737//33 740//222 739//226
f 738//81 739//226 735//225 732//100
f 739//226 740//222 730//223 735//225
f 765//46 768//135 771//234 770//47
f 768//135 769//235 772//236 771//234
f 770//47 771//234 783//237 780//158
f 771//234 772//236 773//238 783//237
f 766//1 774//2 777//239 776//95
f 774//2 775//5 778//240 777//239
f 776//95 777//239 772//236 769//235
f 777//239 778//240 773//238 772//236
f 767//10 779//54 782//241 781//242
f 779//54 780//158 783//237 782//241
f 781//242 782//241 778//240 775//5
f 782//241 783//237 773//238 778//240
f 789//46 792//49 795//243 794//47
f 792//49 793//41 796//168 795//243
f 794//47 795//243 807//171 804//158
f 795//243 796//168 797//244 807//171
f 790//20 798//69 801//166 800//160
f 798//69 799//44 802//167 801//166
f 800//160 801//166 796//168 793//41
f 801//166 802//167 797//244 796//168
f 791//10 803//54 806//170 805//52
f 803//54 804//158 807//171 806//170
f 805//52 806//170 802//167 799//44
f 806//170 807//171 797//244 802//167
f 810//20 822//40 825//62 824//63
f 822//40 823//44 826//245 825//62
f 824//63 825//62 821//61 818//27
f 825//62 826//245 816//59 821//61
f 827//16 830//19 833//85 832//246
f 830//19 831//14 834//86 833//85
f 832//246 833//85 845//87 842//8
f 833//85 834//86 835//88 845//87
f 828//10 836//247 839//89 838//11
f 836//247 837//90 840//91 839//89
f 838//11 839//89 834//86 831//14
f 839//89 840//91 835//88 834//86
f 829//1 841//4 844//92 843//2
f 841//4 842//8 845//87 844//92
f 843//2 844//92 840//91 837//90
f 844//92 845//87 835//88 840//91
f 846//10 849//11 852//12 851//13
f 849//11 850//14 853//15 852//12
f 851//13 852//12 864//6 861//5
f 852//12 853//15 854//181 864//6
f 847//16 855//17 858//18 857//19
f 855//17 856//8 859//7 858//18
f 857//19 858//18 853//15 850//14
f 858//18 859//7 854//181 853//15
f 848//1 860//2 863//3 862//4
f 860//2 861//5 864//6 863//3
f 862//4 863//3 859//7 856//8
f 863//3 864//6 854//181 859//7
f 865//10 868//11 871//12 870//13
f 868//11 869//14 872//15 871//12
f 870//13 871//12 883//6 880//5
f 871//12 872//15 873//181 883//6
f 866//16 874//17 877//18 876//19
f 874//17 875//8 878//7 877//18
f 876//19 877//18 872//15 869//14
f 877//18 878//7 873//181 872//15
f 867//1 879//2 882//3 881//4
f 879//2 880//5 883//6 882//3
f 881//4 882//3 878//7 875//8
f 882//3 883//6 873//181 878//7
f 884//20 887//21 890//248 889//160
f 887//21 888//24 891//249 890//248
f 889//160 890//248 902//250 899//251
f 890//248 891//249 892//252 902//250
f 885//29 893//109 896//253 895//254
f 893//109 894//105 897//255 896//253
f 895//254 896//253 891//249 888//24
f 896//253 897//255 892//252 891//249
f 886//46 898//49 901//256 900//102
f 898//49 899//251 902//250 901//256
f 900//102 901//256 897//255 894//105
f 901//256 902//250 892//252 897//255
f 905//20 917//147 920//197 919//38
f 917//147 918//24 921//257 920//197
f 919//38 920//197 916//199 913//41
f 920//197 921//257 911//200 916//199
f 947//20 955//38 958//39 957//40
f 955//38 956//41 959//42 958//39
f 957//40 958//39 953//43 950//44
f 958//39 959//42 954//45 953//43
f 989//29 992//81 995//188 994//30
f 992//81 993//100 996//184 995//188
f 994//30 995//188 1007//187 1004//33
f 995//188 996//184 997//259 1007//187
f 990//1 998//4 1001//182 1000//76
f 998//4 999//8 1002//183 1001//182
f 1000//76 1001//182 996//184 993//100
f 1001//182 1002//183 997//259 996//184
f 991//16 1003//37 1006//186 1005//17
f 1003//37 1004//33 1007//187 1006//186
f 1005//17 1006//186 1002//183 999//8
f 1006//186 1007//187 997//259 1002//183
f 1013//16 1016//19 1019//71 1018//35
f 1016//19 1017//14 1020//66 1019//71
f 1018//35 1019//71 1031//70 1028//27
f 1019//71 1020//66 1021//67 1031//70
f 1014//10 1022//52 1025//64 1024//11
f 1022//52 1023//44 1026//65 1025//64
f 1024//11 1025//64 1020//66 1017//14
f 1025//64 1026//65 1021//67 1020//66
f 1015//20 1027//23 1030//68 1029//69
f 1027//23 1028//27 1031//70 1030//68
f 1029//69 1030//68 1026//65 1023//44
f 1030//68 1031//70 1021//67 1026//65
f 1032//29 1035//81 1038//188 1037//30
f 1035//81 1036//100 1039//184 1038//188
f 1037//30 1038//188 1050//187 1047//33
f 1038//188 1039//184 1040//185 1050//187
f 1033//1 1041//4 1044//182 1043//76
f 1041//4 1042//8 1045//183 1044//182
f 1043//76 1044//182 1039//184 1036//100
f 1044//182 1045//183 1040//185 1039//184
f 1034//16 1046//37 1049//186 1048//17
f 1046//37 1047//33 1050//187 1049//186
f 1048//17 1049//186 1045//183 1042//8
f 1049//186 1050//187 1040//185 1045//183
f 1061//10 1064//11 1067//137 1066//52
f 1064//11 1065//14 1068//207 1067//137
f 1066//52 1067//137 1079//140 1076//141
f 1067//137 1068//207 1069//142 1079//140
f 1062//16 1070//35 1073//143 1072//19
f 1070//35 1071//27 1074//206 1073//143
f 1072//19 1073//143 1068//207 1065//14
f 1073//143 1074//206 1069//142 1068//207
f 1063//20 1075//69 1078//145 1077//23
f 1075//69 1076//141 1079//140 1078//145
f 1077//23 1078//145 1074//206 1071//27
f 1078//145 1079//140 1069//142 1074//206
f 1081//20 1089//63 1092//146 1091//147
f 1089//63 1090//27 1093//148 1092//146
f 1091//147 1092//146 1087//260 1084//24
f 1092//146 1093//148 1088//150 1087//260
f 1099//16 1102//37 1105//125 1104//261
f 1102//37 1103//33 1106//217 1105//125
f 1104//261 1105//125 1117//218 1114//27
f 1105//125 1106//217 1107//124 1117//218
f 1100//29 1108//262 1111//127 1110//30
f 1108//262 1109//123 1112//122 1111//127
f 1110//30 1111//127 1106//217 1103//33
f 1111//127 1112//122 1107//124 1106//217
f 1101//20 1113//23 1116//120 1115//21
f 1113//23 1114//27 1117//218 1116//120
f 1115//21 1116//120 1112//122 1109//123
f 1116//120 1117//218 1107//124 1112//122
f 1118//10 1121//11 1124//137 1123//52
f 1121//11 1122//14 1125//207 1124//137
f 1123//52 1124//137 1136//140 1133//141
f 1124//137 1125//207 1126//142 1136//140
f 1119//16 1127//35 1130//143 1129//19
f 1127//35 1128//27 1131//206 1130//143
f 1129//19 1130//143 1125//207 1122//14
f 1130//143 1131//206 1126//142 1125//207
f 1120//20 1132//69 1135//145 1134//23
f 1132//69 1133//141 1136//140 1135//145
f 1134//23 1135//145 1131//206 1128//27
f 1135//145 1136//140 1126//142 1131//206
f 1147//29 1150//32 1153//227 1152//109
f 1150//32 1151//24 1154//228 1153//227
f 1152//109 1153//227 1165//229 1162//105
f 1153//227 1154//228 1155//230 1165//229
f 1148//20 1156//160 1159//231 1158//21
f 1156//160 1157//41 1160//232 1159//231
f 1158//21 1159//231 1154//228 1151//24
f 1159//231 1160//232 1155//230 1154//228
f 1149//46 1161//102 1164//233 1163//49
f 1161//102 1162//105 1165//229 1164//233
f 1163//49 1164//233 1160//232 1157//41
f 1164//233 1165//229 1155//230 1160//232
f 1166//16 1169//35 1172//36 1171//37
f 1169//35 1170//27 1173//26 1172//36
f 1171//37 1172//36 1184//34 1181//33
f 1172//36 1173//26 1174//28 1184//34
f 1167//20 1175//21 1178//22 1177//23
f 1175//21 1176//24 1179//25 1178//22
f 1177//23 1178//22 1173//26 1170//27
f 1178//22 1179//25 1174//28 1173//26
f 1168//29 1180//30 1183//31 1182//32
f 1180//30 1181//33 1184//34 1183//31
f 1182//32 1183//31 1179//25 1176//24
f 1183//31 1184//34 1174//28 1179//25
f 1185//29 1188//30 1191//80 1190//81
f 1188//30 1189//33 1192//74 1191//80
f 1190//81 1191//80 1203//79 1200//78
f 1191//80 1192//74 1193//75 1203//79
f 1186//16 1194//17 1197//72 1196//37
f 1194//17 1195//8 1198//73 1197//72
f 1196//37 1197//72 1192//74 1189//33
f 1197//72 1198//73 1193//75 1192//74
f 1187//1 1199//76 1202//77 1201//4
f 1199//76 1200//78 1203//79 1202//77
f 1201//4 1202//77 1198//73 1195//8
f 1202//77 1203//79 1193//75 1198//73
f 1204//20 1207//23 1210//68 1209//69
f 1207//23 1208//27 1211//70 1210//68
f 1209//69 1210//68 1222//65 1219//44
f 1210//68 1211//70 1212//263 1222//65
f 1205//16 1213//19 1216//71 1215//35
f 1213//19 1214//14 1217//66 1216//71
f 1215//35 1216//71 1211//70 1208//27
f 1216//71 1217//66 1212//263 1211//70
f 1206//10 1218//52 1221//64 1220//11
f 1218//52 1219//44 1222//65 1221//64
f 1220//11 1221//64 1217//66 1214//14
f 1221//64 1222//65 1212//263 1217//66
f 1223//29 1226//81 1229//188 1228//30
f 1226//81 1227//100 1230//184 1229//188
f 1228//30 1229//188 1241//187 1238//33
f 1229//188 1230//184 1231//216 1241//187
f 1224//1 1232//4 1235//182 1234//76
f 1232//4 1233//8 1236//183 1235//182
f 1234//76 1235//182 1230//184 1227//100
f 1235//182 1236//183 1231//216 1230//184
f 1225//16 1237//37 1240//186 1239//17
f 1237//37 1238//33 1241//187 1240//186
f 1239//17 1240//186 1236//183 1233//8
f 1240//186 1241//187 1231//216 1236//183
f 1242//20 1245//21 1248//22 1247//23
f 1245//21 1246//24 1249//25 1248//22
f 1247//23 1248//22 1260//26 1257//27
f 1248//22 1249//25 1250//110 1260//26
f 1243//29 1251//30 1254//31 1253//32
f 1251//30 1252//33 1255//34 1254//31
f 1253//32 1254//31 1249//25 1246//24
f 1254//31 1255//34 1250//110 1249//25
f 1244//16 1256//35 1259//36 1258//37
f 1256//35 1257//27 1260//26 1259//36
f 1258//37 1259//36 1255//34 1252//33
f 1259//36 1260//26 1250//110 1255//34
f 1261//20 1264//23 1267//68 1266//69
f 1264//23 1265//27 1268//70 1267//68
f 1266//69 1267//68 1279//65 1276//44
f 1267//68 1268//70 1269//264 1279//65
f 1262//16 1270//19 1273//71 1272//35
f 1270//19 1271//14 1274//66 1273//71
f 1272//35 1273//71 1268//70 1265//27
f 1273//71 1274//66 1269//264 1268//70
f 1263//10 1275//52 1278//64 1277//11
f 1275//52 1276//44 1279//65 1278//64
f 1277//11 1278//64 1274//66 1271//14
f 1278//64 1279//65 1269//264 1274//66
f 1299//1 1302//4 1305//182 1304//76
f 1302//4 1303//8 1306//183 1305//182
f 1304//76 1305//182 1317//184 1314//100
f 1305//182 1306//183 1307//266 1317//184
f 1300//16 1308//37 1311//186 1310//17
f 1308//37 1309//33 1312//187 1311//186
f 1310//17 1311//186 1306//183 1303//8
f 1311//186 1312//187 1307//266 1306//183
f 1301//29 1313//81 1316//188 1315//30
f 1313//81 1314//100 1317//184 1316//188
f 1315//30 1316//188 1312//187 1309//33
f 1316//188 1317//184 1307//266 1312//187
f 1328//46 1331//135 1334//136 1333//102
f 1331//135 1332//131 1335//130 1334//136
f 1333//102 1334//136 1346//134 1343//105
f 1334//136 1335//130 1336//267 1346//134
f 1329//1 1337//76 1340//128 1339//95
f 1337//76 1338//100 1341//129 1340//128
f 1339//95 1340//128 1335//130 1332//131
f 1340//128 1341//129 1336//267 1335//130
f 1330//29 1342//109 1345//133 1344//81
f 1342//109 1343//105 1346//134 1345//133
f 1344//81 1345//133 1341//129 1338//100
f 1345//133 1346//134 1336//267 1341//129
f 1347//20 1350//23 1353//68 1352//69
f 1350//23 1351//27 1354//70 1353//68
f 1352//69 1353//68 1365//65 1362//44
f 1353//68 1354//70 1355//67 1365//65
f 1348//16 1356//19 1359//71 1358//35
f 1356//19 1357//14 1360//66 1359//71
f 1358//35 1359//71 1354//70 1351//27
f 1359//71 1360//66 1355//67 1354//70
f 1349//10 1361//52 1364//64 1363//11
f 1361//52 1362//44 1365//65 1364//64
f 1363//11 1364//64 1360//66 1357//14
f 1364//64 1365//65 1355//67 1360//66
f 1366//10 1369//13 1372//180 1371//54
f 1369//13 1370//5 1373//175 1372//180
f 1371//54 1372//180 1384//179 1381//158
f 1372//180 1373//175 1374//268 1384//179
f 1367//1 1375//95 1378//173 1377//2
f 1375//95 1376//131 1379//174 1378//173
f 1377//2 1378//173 1373//175 1370//5
f 1378//173 1379//174 1374//268 1373//175
f 1368//46 1380//47 1383//178 1382//135
f 1380//47 1381//158 1384//179 1383//178
f 1382//135 1383//178 1379//174 1376//131
f 1383//178 1384//179 1374//268 1379//174
f 1385//20 1388//160 1391//231 1390//21
f 1388//160 1389//41 1392//232 1391//231
f 1390//21 1391//231 1403//228 1400//24
f 1391//231 1392//232 1393//269 1403//228
f 1386//46 1394//102 1397//233 1396//49
f 1394//102 1395//105 1398//229 1397//233
f 1396//49 1397//233 1392//232 1389//41
f 1397//233 1398//229 1393//269 1392//232
f 1387//29 1399//32 1402//227 1401//109
f 1399//32 1400//24 1403//228 1402//227
f 1401//109 1402//227 1398//229 1395//105
f 1402//227 1403//228 1393//269 1398//229
f 1409//16 1412//35 1415//36 1414//37
f 1412//35 1413//27 1416//26 1415//36
f 1414//37 1415//36 1427//34 1424//33
f 1415//36 1416//26 1417//110 1427//34
f 1410//20 1418//21 1421//22 1420//23
f 1418//21 1419//24 1422//25 1421//22
f 1420//23 1421//22 1416//26 1413//27
f 1421//22 1422//25 1417//110 1416//26
f 1411//29 1423//30 1426//31 1425//32
f 1423//30 1424//33 1427//34 1426//31
f 1425//32 1426//31 1422//25 1419//24
f 1426//31 1427//34 1417//110 1422//25
f 1428//16 1431//19 1434//71 1433//35
f 1431//19 1432//14 1435//66 1434//71
f 1433//35 1434//71 1446//70 1443//27
f 1434//71 1435//66 1436//67 1446//70
f 1429//10 1437//52 1440//64 1439//11
f 1437//52 1438//44 1441//65 1440//64
f 1439//11 1440//64 1435//66 1432//14
f 1440//64 1441//65 1436//67 1435//66
f 1430//20 1442//23 1445//68 1444//69
f 1442//23 1443//27 1446//70 1445//68
f 1444//69 1445//68 1441//65 1438//44
f 1445//68 1446//70 1436//67 1441//65
f 1447//1 1450//2 1453//3 1452//4
f 1450//2 1451//5 1454//6 1453//3
f 1452//4 1453//3 1465//7 1462//8
f 1453//3 1454//6 1455//270 1465//7
f 1448//10 1456//11 1459//12 1458//13
f 1456//11 1457//14 1460//15 1459//12
f 1458//13 1459//12 1454//6 1451//5
f 1459//12 1460//15 1455//270 1454//6
f 1449//16 1461//17 1464//18 1463//19
f 1461//17 1462//8 1465//7 1464//18
f 1463//19 1464//18 1460//15 1457//14
f 1464//18 1465//7 1455//270 1460//15
f 1466//10 1469//52 1472//64 1471//11
f 1469//52 1470//44 1473//65 1472//64
f 1471//11 1472//64 1484//66 1481//14
f 1472//64 1473//65 1474//264 1484//66
f 1467//20 1475//23 1478//68 1477//69
f 1475//23 1476//27 1479//70 1478//68
f 1477//69 1478//68 1473//65 1470//44
f 1478//68 1479//70 1474//264 1473//65
f 1468//16 1480//19 1483//71 1482//35
f 1480//19 1481//14 1484//66 1483//71
f 1482//35 1483//71 1479//70 1476//27
f 1483//71 1484//66 1474//264 1479//70
f 140//16 160//16 163//19 143//19
f 143//19 163//19 162//14 144//14
f 144//14 162//14 161//11 151//11
f 151//11 161//11 159//10 141//10
f 166//16 183//16 185//19 178//19
f 178//19 185//19 186//14 179//14
f 179//14 186//14 187//11 169//11
f 169//11 187//11 184//10 164//10
f 165//1 103//1 113//4 173//4
f 173//4 113//4 106//8 174//8
f 174//8 106//8 105//17 180//17
f 180//17 105//17 102//16 166//16
f 233//16 226//16 228//19 245//111
f 245//111 228//19 229//14 246//14
f 246//14 229//14 230//11 236//11
f 236//11 230//11 227//10 231//10
f 250//16 275//16 285//35 253//35
f 253//35 285//35 278//113 254//27
f 254//27 278//113 277//23 261//23
f 261//23 277//23 274//20 251//20
f 270//271 276//29 290//30 273//30
f 273//30 290//30 284//33 272//33
f 272//33 284//33 283//37 271//37
f 271//37 283//37 275//16 269//16
f 724//29 270//271 273//30 736//30
f 736//30 273//30 272//33 737//33
f 737//33 272//33 271//37 727//37
f 727//37 271//37 269//16 722//16
f 1299//1 984//1 986//4 1302//4
f 1302//4 986//4 987//8 1303//8
f 1303//8 987//8 988//17 1310//17
f 1310//17 988//17 985//16 1300//16
f 827//16 342//16 352//19 830//19
f 830//19 352//19 345//14 831//14
f 831//14 345//14 344//11 838//11
f 838//11 344//11 341//10 828//10
f 74//27 364//27 363//63 80//63
f 80//63 363//63 360//20 66//20
f 381//46 765//46 770//47 393//47
f 393//47 770//47 780//158 394//158
f 394//158 780//158 779//54 384//54
f 384//54 779//54 767//10 379//10
f 417//29 1223//29 1228//30 420//30
f 420//30 1228//30 1238//33 421//33
f 421//33 1238//33 1237//37 428//37
f 428//37 1237//37 1225//16 418//16
f 498//1 7//1 12//4 501//4
f 501//4 12//4 22//8 502//8
f 502//8 22//8 21//17 509//17
f 509//17 21//17 9//16 499//16
f 436//1 1329//1 1339//95 439//95
f 439//95 1339//95 1332//131 440//131
f 440//131 1332//131 1331//135 447//135
f 447//135 1331//135 1328//46 437//177
f 123//16 594//16 597//17 135//17
f 135//17 597//17 596//8 136//8
f 136//8 596//8 595//4 126//4
f 126//4 595//4 593//1 121//1
f 342//16 623//16 633//35 350//35
f 350//35 633//35 626//27 351//27
f 351//27 626//27 625//23 357//23
f 357//23 625//23 622//20 343//20
f 276//29 885//29 895//254 288//32
f 288//32 895//254 888//24 289//24
f 289//24 888//24 887//21 279//21
f 279//21 887//21 884//20 274//20
f 680//10 661//10 671//52 683//52
f 683//52 671//52 664//44 682//44
f 682//44 664//44 663//69 681//69
f 681//69 663//69 660//20 679//20
f 536//16 662//16 676//19 539//19
f 539//19 676//19 670//14 540//14
f 540//14 670//14 669//11 547//11
f 547//11 669//11 661//10 537//10
f 723//1 188//1 193//76 731//76
f 731//76 193//76 203//100 732//100
f 732//100 203//100 202//107 738//81
f 738//81 202//107 190//29 724//29
f 1368//46 789//46 794//47 1380//47
f 1380//47 794//47 804//158 1381//158
f 1381//158 804//158 803//54 1371//54
f 1371//54 803//54 791//10 1366//10
f 848//1 142//1 156//2 860//2
f 860//2 156//2 150//90 861//5
f 861//5 150//90 149//13 851//13
f 851//13 149//13 141//10 846//10
f 684//1 848//1 862//4 687//4
f 687//4 862//4 856//8 688//8
f 688//8 856//8 855//17 695//17
f 695//17 855//17 847//16 685//16
f 867//1 165//1 175//2 879//2
f 879//2 175//2 168//90 880//5
f 880//5 168//90 167//13 870//13
f 870//13 167//13 164//10 865//10
f 574//29 624//29 638//30 577//30
f 577//30 638//30 632//33 578//33
f 578//33 632//33 631//205 585//205
f 585//205 631//205 623//16 575//16
f 226//16 641//16 646//111 228//19
f 228//19 646//111 656//14 229//14
f 229//14 656//14 655//11 230//11
f 230//11 655//11 643//10 227//10
f 913//41 49//41 48//38 919//38
f 919//38 48//38 45//20 905//20
f 66//20 45//20 50//40 78//40
f 78//40 50//40 60//44 79//44
f 989//29 323//29 333//81 992//81
f 992//81 333//81 326//100 993//100
f 993//100 326//100 325//76 1000//76
f 1000//76 325//76 322//1 990//1
f 1013//16 9//16 23//19 1016//19
f 1016//19 23//19 17//14 1017//14
f 1017//14 17//14 16//11 1024//11
f 1024//11 16//11 8//10 1014//10
f 885//29 190//29 204//109 893//109
f 893//109 204//109 198//105 894//105
f 894//105 198//105 197//102 900//102
f 900//102 197//102 189//46 886//46
f 1032//29 104//29 118//81 1035//81
f 1035//81 118//81 112//78 1036//100
f 1036//100 112//78 111//76 1043//76
f 1043//76 111//76 103//1 1033//1
f 1033//1 867//1 881//4 1041//4
f 1041//4 881//4 875//8 1042//8
f 1042//8 875//8 874//17 1048//17
f 1048//17 874//17 866//16 1034//16
f 298//272 1057//272 1060//32 300//32
f 300//32 1060//32 1059//24 301//24
f 301//24 1059//24 1058//21 302//21
f 302//21 1058//21 1056//20 299//20
f 160//16 1062//16 1072//19 163//19
f 163//19 1072//19 1065//14 162//14
f 162//14 1065//14 1064//11 161//11
f 161//11 1064//11 1061//10 159//10
f 1099//16 123//16 137//37 1102//37
f 1102//37 137//37 131//33 1103//33
f 1103//33 131//33 130//30 1110//30
f 1110//30 130//30 122//29 1100//29
f 183//16 1119//16 1129//19 185//19
f 185//19 1129//19 1122//14 186//14
f 186//14 1122//14 1121//11 187//11
f 187//11 1121//11 1118//10 184//10
f 343//20 1015//20 1029//69 355//69
f 355//69 1029//69 1023//44 356//141
f 356//141 1023//44 1022//52 346//138
f 346//138 1022//52 1014//10 341//10
f 398//20 1137//20 1139//69 401//69
f 401//69 1139//69 1140//44 402//44
f 402//44 1140//44 1141//52 409//52
f 409//52 1141//52 1138//273 399//10
f 1143//16 304//16 314//35 1146//35
f 1146//35 314//35 307//27 1145//27
f 1145//27 307//27 306//23 1144//23
f 1144//23 306//23 303//20 1142//20
f 1062//16 1143//16 1146//35 1070//35
f 1070//35 1146//35 1145//27 1071//27
f 1071//27 1145//27 1144//23 1077//23
f 1077//23 1144//23 1142//20 1063//20
f 818//27 1090//27 1089//63 824//63
f 824//63 1089//63 1081//20 810//20
f 7//1 829//1 843//2 10//2
f 10//2 843//2 837//90 11//5
f 11//5 837//90 836//247 18//13
f 18//13 836//247 828//10 8//10
f 494//16 1428//16 1433//35 497//35
f 497//35 1433//35 1443//27 496//27
f 496//27 1443//27 1442//23 495//23
f 495//23 1442//23 1430//20 493//20
f 294//20 1430//20 1444//69 297//69
f 297//69 1444//69 1438//44 296//44
f 296//44 1438//44 1437//52 295//52
f 295//52 1437//52 1429//10 293//273
f 437//177 400//46 414//47 445//47
f 445//47 414//47 408//158 446//158
f 446//158 408//158 407//54 452//54
f 452//54 407//54 399//10 438//10
f 1147//29 252//29 266//32 1150//32
f 1150//32 266//32 260//24 1151//24
f 1151//24 260//24 259//21 1158//21
f 1158//21 259//21 251//20 1148//20
f 886//46 1149//46 1163//49 898//49
f 898//49 1163//49 1157//41 899//251
f 899//251 1157//41 1156//160 889//160
f 889//160 1156//160 1148//20 884//20
f 323//29 1147//29 1152//109 331//109
f 331//109 1152//109 1162//105 332//105
f 332//105 1162//105 1161//102 338//102
f 338//102 1161//102 1149//46 324//46
f 575//16 827//16 832//246 583//17
f 583//17 832//246 842//8 584//8
f 584//8 842//8 841//4 590//4
f 590//4 841//4 829//1 576//1
f 594//16 233//16 247//17 597//17
f 597//17 247//17 241//8 596//8
f 596//8 241//8 240//4 595//4
f 595//4 240//4 232//1 593//1
f 304//16 1186//16 1196//37 312//37
f 312//37 1196//37 1189//33 313//33
f 313//33 1189//33 1188//30 319//30
f 319//30 1188//30 1185//29 305//29
f 1387//29 298//272 300//32 1399//32
f 1399//32 300//32 301//24 1400//24
f 1400//24 301//24 302//21 1390//21
f 1390//21 302//21 299//20 1385//20
f 1063//20 1467//20 1477//69 1075//69
f 1075//69 1477//69 1470//44 1076//141
f 1076//141 1470//44 1469//52 1066//52
f 1066//52 1469//52 1466//10 1061//10
f 519//1 232//1 242//2 531//2
f 531//2 242//2 235//90 532//5
f 532//5 235//90 234//13 522//13
f 522//13 234//13 231//10 517//10
f 766//1 538//1 552//2 774//2
f 774//2 552//2 546//5 775//5
f 775//5 546//5 545//13 781//242
f 781//242 545//13 537//10 767//10
f 662//16 1205//16 1215//35 674//35
f 674//35 1215//35 1208//27 675//211
f 675//211 1208//27 1207//23 665//23
f 665//23 1207//23 1204//20 660//20
f 1205//16 456//16 466//19 1213//19
f 1213//19 466//19 459//14 1214//14
f 1214//14 459//14 458//11 1220//11
f 1220//11 458//11 455//10 1206//10
f 1224//1 519//1 533//4 1232//4
f 1232//4 533//4 527//8 1233//8
f 1233//8 527//8 526//17 1239//17
f 1239//17 526//17 518//16 1225//16
f 1244//16 1013//16 1018//35 1256//35
f 1256//35 1018//35 1028//27 1257//27
f 1257//27 1028//27 1027//23 1247//23
f 1247//23 1027//23 1015//20 1242//20
f 1243//29 500//29 514//30 1251//30
f 1251//30 514//30 508//33 1252//33
f 1252//33 508//33 507//37 1258//37
f 1258//37 507//37 499//16 1244//16
f 418//16 1262//16 1272//35 426//35
f 426//35 1272//35 1265//27 427//27
f 427//27 1265//27 1264//23 433//23
f 433//23 1264//23 1261//20 419//20
f 1262//16 518//16 528//19 1270//19
f 1270//19 528//19 521//14 1271//14
f 1271//14 521//14 520//11 1277//11
f 1277//11 520//11 517//10 1263//10
f 1119//16 703//16 708//35 1127//35
f 1127//35 708//35 718//27 1128//27
f 1128//27 718//27 717//23 1134//23
f 1134//23 717//23 705//20 1120//20
f 500//29 574//29 579//81 512//81
f 512//81 579//81 589//78 513//100
f 513//100 589//78 588//76 503//76
f 503//76 588//76 576//1 498//1
f 784//20 294//20 297//69 786//69
f 786//69 297//69 296//44 787//44
f 787//44 296//44 295//52 788//52
f 788//52 295//52 293//273 785//273
f 790//20 1204//20 1209//69 798//69
f 798//69 1209//69 1219//44 799//44
f 799//44 1219//44 1218//52 805//52
f 805//52 1218//52 1206//10 791//10
f 1166//16 1404//16 1406//35 1169//35
f 1169//35 1406//35 1407//27 1170//27
f 1170//27 1407//27 1408//23 1177//23
f 1177//23 1408//23 1405//20 1167//20
f 1223//29 122//29 132//83 1226//81
f 1226//81 132//83 125//78 1227//100
f 1227//100 125//78 124//76 1234//76
f 1234//76 124//76 121//1 1224//1
f 1008//29 1301//29 1315//30 1010//30
f 1010//30 1315//30 1309//33 1011//33
f 1011//33 1309//33 1308//37 1012//37
f 1012//37 1308//37 1300//16 1009//16
f 1301//29 942//29 945//81 1313//81
f 1313//81 945//81 944//100 1314//100
f 1314//100 944//100 943//76 1304//76
f 1304//76 943//76 941//1 1299//1
f 624//29 1243//29 1253//32 636//32
f 636//32 1253//32 1246//24 637//123
f 637//123 1246//24 1245//21 627//21
f 627//21 1245//21 1242//20 622//20
f 642//20 1261//20 1266//69 650//69
f 650//69 1266//69 1276//44 651//141
f 651//141 1276//44 1275//52 657//52
f 657//52 1275//52 1263//10 643//10
f 1057//272 1168//29 1182//32 1060//32
f 1060//32 1182//32 1176//24 1059//24
f 1059//24 1176//24 1175//21 1058//21
f 1058//21 1175//21 1167//20 1056//20
f 704//29 207//29 212//32 712//32
f 712//32 212//32 222//24 713//123
f 713//123 222//24 221//21 719//21
f 719//21 221//21 209//20 705//20
f 1319//29 704//29 714//30 1322//30
f 1322//30 714//30 707//33 1321//33
f 1321//33 707//33 706//37 1320//37
f 1320//37 706//37 703//16 1318//16
f 104//29 1319//29 1322//30 116//30
f 116//30 1322//30 1321//33 117//33
f 117//33 1321//33 1320//37 107//37
f 107//37 1320//37 1318//16 102//16
f 990//1 723//1 733//4 998//4
f 998//4 733//4 726//220 999//8
f 999//8 726//220 725//17 1005//17
f 1005//17 725//17 722//16 991//16
f 1100//29 417//29 422//32 1108//262
f 1108//262 422//32 432//24 1109//123
f 1109//123 432//24 431//21 1115//21
f 1115//21 431//21 419//20 1101//20
f 538//1 457//1 471//4 550//4
f 550//4 471//4 465//8 551//192
f 551//192 465//8 464//17 541//17
f 541//17 464//17 456//16 536//16
f 1168//29 1008//29 1010//30 1180//30
f 1180//30 1010//30 1011//33 1181//33
f 1181//33 1011//33 1012//37 1171//37
f 1171//37 1012//37 1009//16 1166//16
f 679//20 760//20 762//69 681//69
f 681//69 762//69 763//44 682//44
f 682//44 763//44 764//52 683//52
f 683//52 764//52 761//273 680//10
f 789//46 381//46 395//165 792//49
f 792//49 395//165 389//162 793//41
f 793//41 389//162 388//160 800//160
f 800//160 388//160 380//20 790//20
f 1186//16 140//16 145//17 1194//17
f 1194//17 145//17 155//8 1195//8
f 1195//8 155//8 154//4 1201//4
f 1201//4 154//4 142//1 1187//1
f 188//1 322//1 327//95 191//95
f 191//95 327//95 337//131 192//97
f 192//97 337//131 336//135 199//104
f 199//104 336//135 324//46 189//46
f 942//29 1330//29 1344//81 945//81
f 945//81 1344//81 1338//100 944//100
f 944//100 1338//100 1337//76 943//76
f 943//76 1337//76 1329//1 941//1
f 984//1 1323//1 1325//4 986//4
f 986//4 1325//4 1326//8 987//8
f 987//8 1326//8 1327//17 988//17
f 988//17 1327//17 1324//16 985//16
f 400//46 598//46 600//49 412//49
f 412//49 600//49 601//41 413//41
f 413//41 601//41 602//160 403//160
f 403//160 602//160 599//20 398//20
f 1084//24 559//24 558//147 1091//147
f 1091//147 558//147 555//20 1081//20
f 641//16 1099//16 1104//261 644//35
f 644//35 1104//261 1114//27 645//27
f 645//27 1114//27 1113//23 652//23
f 652//23 1113//23 1101//20 642//20
f 1367//1 766//1 776//95 1375//95
f 1375//95 776//95 769//235 1376//131
f 1376//131 769//235 768//135 1382//135
f 1382//135 768//135 765//46 1368//46
f 570//41 956//41 955//38 560//38
f 560//38 955//38 947//20 555//20
f 208//16 1348//16 1358//35 216//35
f 216//35 1358//35 1351//27 217//27
f 217//27 1351//27 1350//23 223//23
f 223//23 1350//23 1347//20 209//20
f 1348//16 866//16 876//19 1356//19
f 1356//19 876//19 869//14 1357//14
f 1357//14 869//14 868//11 1363//11
f 1363//11 868//11 865//10 1349//10
f 457//1 1367//1 1377//2 469//2
f 469//2 1377//2 1370//5 470//5
f 470//5 1370//5 1369//13 460//13
f 460//13 1369//13 1366//10 455//10
f 1137//20 784//20 786//69 1139//69
f 1139//69 786//69 787//44 1140//44
f 1140//44 787//44 788//52 1141//52
f 1141//52 788//52 785//273 1138//273
f 1330//29 1387//29 1401//109 1342//109
f 1342//109 1401//109 1395//105 1343//105
f 1343//105 1395//105 1394//102 1333//102
f 1333//102 1394//102 1386//46 1328//46
f 1447//1 436//1 441//2 1450//2
f 1450//2 441//2 451//5 1451//5
f 1451//5 451//5 450//13 1458//13
f 1458//13 450//13 438//10 1448//10
f 760//20 380//20 390//69 762//69
f 762//69 390//69 383//44 763//44
f 763//44 383//44 382//52 764//52
f 764//52 382//52 379//10 761//273
f 1411//29 686//29 700//30 1423//30
f 1423//30 700//30 694//33 1424//33
f 1424//33 694//33 693//37 1414//37
f 1414//37 693//37 685//16 1409//16
f 1054//24 918//24 917//147 1055//21
f 1055//21 917//147 905//20 1052//20
f 810//20 947//20 957//40 822//40
f 822//40 957//40 950//44 823//44
f 1404//16 494//16 497//35 1406//35
f 1406//35 497//35 496//27 1407//27
f 1407//27 496//27 495//23 1408//23
f 1408//23 495//23 493//20 1405//20
f 252//29 989//29 994//30 264//30
f 264//30 994//30 1004//33 265//33
f 265//33 1004//33 1003//37 255//37
f 255//37 1003//37 991//16 250//16
f 1120//20 1347//20 1352//69 1132//69
f 1132//69 1352//69 1362//44 1133//141
f 1133//141 1362//44 1361//52 1123//52
f 1123//52 1361//52 1349//10 1118//10
f 207//29 1032//29 1037//30 210//30
f 210//30 1037//30 1047//33 211//33
f 211//33 1047//33 1046//37 218//37
f 218//37 1046//37 1034//16 208//16
f 1428//16 1449//16 1463//19 1431//19
f 1431//19 1463//19 1457//14 1432//14
f 1432//14 1457//14 1456//11 1439//11
f 1439//11 1456//11 1448//10 1429//10
f 1323//1 1447//1 1452//4 1325//4
f 1325//4 1452//4 1462//8 1326//8
f 1326//8 1462//8 1461//17 1327//17
f 1327//17 1461//17 1449//16 1324//16
f 305//29 1411//29 1425//32 317//32
f 317//32 1425//32 1419//24 318//123
f 318//123 1419//24 1418//21 308//21
f 308//21 1418//21 1410//20 303//20
f 598//46 1386//46 1396//49 600//49
f 600//49 1396//49 1389//41 601//41
f 601//41 1389//41 1388//160 602//160
f 602//160 1388//160 1385//20 599//20
f 375//24 1054//24 1055//21 365//147
f 365//147 1055//21 1052//20 360//20
f 686//29 1185//29 1190//81 698//81
f 698//81 1190//81 1200//78 699//100
f 699//100 1200//78 1199//76 689//76
f 689//76 1199//76 1187//1 684//1
f 1409//16 1468//16 1482//35 1412//35
f 1412//35 1482//35 1476//27 1413//27
f 1413//27 1476//27 1475//23 1420//23
f 1420//23 1475//23 1467//20 1410//20
f 1468//16 847//16 857//19 1480//19
f 1480//19 857//19 850//14 1481//14
f 1481//14 850//14 849//11 1471//11
f 1471//11 849//11 846//10 1466//10
f 498//1 576//1 829//1 7//1
f 499//16 9//16 1013//16 1244//16
f 1014//10 8//10 828//10 341//10
f 5//20 810//20 1081//20 6//20 1405//20 493//20 1430//20 294//20 1052//20 905//20 45//20 66//20 599//20 1385//20 299//20
f 398//20 599//20 66//20 360//20 1052//20 294//20 784//20 1137//20
f 985//16 183//16 166//16 102//16 1318//16 226//16 233//16 594//16 1009//16 1300//16
f 103//1 165//1 867//1 1033//1
f 207//29 704//29 1319//29 104//29 1032//29
f 1166//16 1009//16 594//16 123//16 1099//16 641//16 226//16 1318//16 703//16 1119//16 183//16 985//16 1324//16 4//16 575//16 623//16 2//16 160//16 140//16 1186//16 304//16 1143//16 494//16 1404//16
f 417//29 1100//29 122//29 1223//29
f 593//1 232//1 519//1 1224//1 121//1
f 1466//10 846//10 141//10 159//10 1061//10
f 684//1 1187//1 142//1 848//1
f 1062//16 160//16 2//16 623//16 342//16 827//16 575//16 4//16 1324//16 1449//16 1428//16 494//16 1143//16
f 184//10 1118//10 1349//10 865//10 164//10
f 322//1 188//1 723//1 990//1
f 942//29 1//29 270//29 724//29 190//29 885//29 3//29 1057//29 298//29 1387//29 1330//29
f 324//46 1149//46 886//46 189//46
f 209//20 1347//20 1120//20 705//20
f 1034//16 866//16 1348//16 208//16
f 643//10 1263//10 517//10 231//10 227//10
f 884//20 1148//20 251//20 274//20
f 323//29 989//29 252//29 1147//29
f 991//16 722//16 269//16 275//16 250//16
f 1168//29 1057//29 3//29 885//29 276//29 270//29 1//29 942//29 1301//29 1008//29
f 1429//10 1448//10 438//10 399//10 1138//10 761//10 379//10 767//10 537//10 661//10 680//10 785//10 293//10
f 1056//20 1167//20 1405//20 6//20 1081//20 555//20 947//20 810//20 5//20 299//20
f 1411//29 305//29 1185//29 686//29
f 1410//20 1467//20 1063//20 1142//20 303//20
f 1242//20 1015//20 343//20 622//20
f 1368//46 765//46 381//46 789//46
f 660//20 1204//20 790//20 380//20 760//20 679//20
f 1328//46 1386//46 598//46 400//46 437//46
f 1225//16 518//16 1262//16 418//16
f 419//20 1261//20 642//20 1101//20
f 1329//1 436//1 1447//1 1323//1 984//1 1299//1 941//1
f 456//16 1205//16 662//16 536//16
f 766//1 1367//1 457//1 538//1
f 455//10 1366//10 791//10 1206//10
f 574//29 500//29 1243//29 624//29
f 761//10 1138//10 785//10 680//10
f 685//16 847//16 1468//16 1409//16
usemtl Clawd_Eye
f 26//20 29//21 32//22 31//23
f 29//21 30//24 33//25 32//22
f 31//23 32//22 44//26 41//27
f 32//22 33//25 34//28 44//26
f 27//29 35//30 38//31 37//32
f 35//30 36//33 39//34 38//31
f 37//32 38//31 33//25 30//24
f 38//31 39//34 34//28 33//25
f 28//16 40//35 43//36 42//37
f 40//35 41//27 44//26 43//36
f 42//37 43//36 39//34 36//33
f 43//36 44//26 34//28 39//34
f 46//46 54//47 57//48 56//49
f 54//47 55//50 58//51 57//48
f 56//49 57//48 52//42 49//41
f 57//48 58//51 53//45 52//42
f 47//10 59//52 62//53 61//54
f 59//52 60//44 63//43 62//53
f 61//54 62//53 58//51 55//50
f 62//53 63//43 53//45 58//51
f 64//10 67//11 70//55 69//52
f 67//11 68//56 71//57 70//55
f 69//52 70//55 82//58 79//44
f 70//55 71//57 72//59 82//58
f 65//16 73//35 76//60 75//19
f 73//35 74//27 77//61 76//60
f 75//19 76//60 71//57 68//56
f 76//60 77//61 72//59 71//57
f 83//10 86//52 89//64 88//11
f 86//52 87//44 90//65 89//64
f 88//11 89//64 101//66 98//14
f 89//64 90//65 91//67 101//66
f 84//20 92//23 95//68 94//69
f 92//23 93//27 96//70 95//68
f 94//69 95//68 90//65 87//44
f 95//68 96//70 91//67 90//65
f 85//16 97//19 100//71 99//35
f 97//19 98//14 101//66 100//71
f 99//35 100//71 96//70 93//27
f 100//71 101//66 91//67 96//70
f 361//16 369//37 372//151 371//35
f 369//37 370//152 373//153 372//151
f 371//35 372//151 367//148 364//27
f 372//151 373//153 368//150 367//148
f 362//29 374//32 377//154 376//30
f 374//32 375//24 378//149 377//154
f 376//30 377//154 373//153 370//152
f 377//154 378//149 368//150 373//153
f 474//20 477//23 480//68 479//69
f 477//23 478//27 481//70 480//68
f 479//69 480//68 492//65 489//44
f 480//68 481//70 482//67 492//65
f 475//16 483//19 486//71 485//35
f 483//19 484//14 487//66 486//71
f 485//35 486//71 481//70 478//27
f 486//71 487//66 482//67 481//70
f 476//10 488//52 491//64 490//11
f 488//52 489//44 492//65 491//64
f 490//11 491//64 487//66 484//14
f 491//64 492//65 482//67 487//66
f 556//29 564//109 567//201 566//32
f 564//109 565//202 568//203 567//201
f 566//32 567//201 562//198 559//24
f 567//201 568//203 563//200 562//198
f 557//46 569//49 572//204 571//102
f 569//49 570//41 573//199 572//204
f 571//102 572//204 568//203 565//202
f 572//204 573//199 563//200 568//203
f 603//20 606//21 609//22 608//23
f 606//21 607//24 610//25 609//22
f 608//23 609//22 621//26 618//27
f 609//22 610//25 611//28 621//26
f 604//29 612//30 615//31 614//32
f 612//30 613//33 616//34 615//31
f 614//32 615//31 610//25 607//24
f 615//31 616//34 611//28 610//25
f 605//16 617//35 620//36 619//37
f 617//35 618//27 621//26 620//36
f 619//37 620//36 616//34 613//33
f 620//36 621//26 611//28 616//34
f 741//29 744//32 747//227 746//109
f 744//32 745//24 748//228 747//227
f 746//109 747//227 759//229 756//105
f 747//227 748//228 749//230 759//229
f 742//20 750//160 753//231 752//21
f 750//160 751//41 754//232 753//231
f 752//21 753//231 748//228 745//24
f 753//231 754//232 749//230 748//228
f 743//46 755//102 758//233 757//49
f 755//102 756//105 759//229 758//233
f 757//49 758//233 754//232 751//41
f 758//233 759//229 749//230 754//232
f 808//10 811//11 814//55 813//52
f 811//11 812//56 815//57 814//55
f 813//52 814//55 826//245 823//44
f 814//55 815//57 816//59 826//245
f 809//16 817//35 820//60 819//19
f 817//35 818//27 821//61 820//60
f 819//19 820//60 815//57 812//56
f 820//60 821//61 816//59 815//57
f 903//29 906//109 909//201 908//32
f 906//109 907//202 910//203 909//201
f 908//32 909//201 921//257 918//24
f 909//201 910//203 911//200 921//257
f 904//46 912//49 915//204 914//102
f 912//49 913//41 916//199 915//204
f 914//102 915//204 910//203 907//202
f 915//204 916//199 911//200 910//203
f 922//10 925//54 928//170 927//52
f 925//54 926//158 929//171 928//170
f 927//52 928//170 940//167 937//44
f 928//170 929//171 930//169 940//167
f 923//46 931//49 934//172 933//47
f 931//49 932//41 935//168 934//172
f 933//47 934//172 929//171 926//158
f 934//172 935//168 930//169 929//171
f 924//20 936//69 939//166 938//160
f 936//69 937//44 940//167 939//166
f 938//160 939//166 935//168 932//41
f 939//166 940//167 930//169 935//168
f 946//10 949//52 952//53 951//54
f 949//52 950//44 953//43 952//53
f 951//54 952//53 964//51 961//50
f 952//53 953//43 954//45 964//51
f 948//46 960//47 963//48 962//49
f 960//47 961//50 964//51 963//48
f 962//49 963//48 959//42 956//41
f 963//48 964//51 954//45 959//42
f 965//46 968//49 971//172 970//47
f 968//49 969//41 972//168 971//172
f 970//47 971//172 983//171 980//158
f 971//172 972//168 973//258 983//171
f 966//20 974//69 977//166 976//160
f 974//69 975//44 978//167 977//166
f 976//160 977//166 972//168 969//41
f 977//166 978//167 973//258 972//168
f 967//10 979//54 982//170 981//52
f 979//54 980//158 983//171 982//170
f 981//52 982//170 978//167 975//44
f 982//170 983//171 973//258 978//167
f 1080//29 1083//32 1086//154 1085//30
f 1083//32 1084//24 1087//260 1086//154
f 1085//30 1086//154 1098//153 1095//152
f 1086//154 1087//260 1088//150 1098//153
f 1082//16 1094//37 1097//151 1096//35
f 1094//37 1095//152 1098//153 1097//151
f 1096//35 1097//151 1093//148 1090//27
f 1097//151 1098//153 1088//150 1093//148
f 1280//46 1283//102 1286//233 1285//49
f 1283//102 1284//105 1287//229 1286//233
f 1285//49 1286//233 1298//232 1295//41
f 1286//233 1287//229 1288//265 1298//232
f 1281//29 1289//32 1292//227 1291//109
f 1289//32 1290//24 1293//228 1292//227
f 1291//109 1292//227 1287//229 1284//105
f 1292//227 1293//228 1288//265 1287//229
f 1282//20 1294//160 1297//231 1296//21
f 1294//160 1295//41 1298//232 1297//231
f 1296//21 1297//231 1293//228 1290//24
f 1297//231 1298//232 1288//265 1293//228
f 85//16 65//16 75//19 97//19
f 97//19 75//19 68//56 98//14
f 98//14 68//56 67//11 88//11
f 88//11 67//11 64//10 83//10
f 28//16 85//16 99//35 40//35
f 40//35 99//35 93//27 41//27
f 41//27 93//27 92//23 31//23
f 31//23 92//23 84//20 26//20
f 65//16 361//16 371//35 73//35
f 73//35 371//35 364//27 74//27
f 361//16 28//16 42//37 369//37
f 369//37 42//37 36//33 370//152
f 370//152 36//33 35//30 376//30
f 376//30 35//30 27//29 362//29
f 605//16 475//16 485//35 617//35
f 617//35 485//35 478//27 618//27
f 618//27 478//27 477//23 608//23
f 608//23 477//23 474//20 603//20
f 475//16 809//16 819//19 483//19
f 483//19 819//19 812//56 484//14
f 484//14 812//56 811//11 490//11
f 490//11 811//11 808//10 476//10
f 903//29 741//29 746//109 906//109
f 906//109 746//109 756//105 907//202
f 907//202 756//105 755//102 914//102
f 914//102 755//102 743//46 904//46
f 904//46 46//46 56//49 912//49
f 912//49 56//49 49//41 913//41
f 922//10 47//10 61//54 925//54
f 925//54 61//54 55//50 926//158
f 926//158 55//50 54//47 933//47
f 933//47 54//47 46//46 923//46
f 742//20 924//20 938//160 750//160
f 750//160 938//160 932//41 751//41
f 751//41 932//41 931//49 757//49
f 757//49 931//49 923//46 743//46
f 948//46 965//46 970//47 960//47
f 960//47 970//47 980//158 961//50
f 961//50 980//158 979//54 951//54
f 951//54 979//54 967//10 946//10
f 966//20 474//20 479//69 974//69
f 974//69 479//69 489//44 975//44
f 975//44 489//44 488//52 981//52
f 981//52 488//52 476//10 967//10
f 79//44 60//44 59//52 69//52
f 69//52 59//52 47//10 64//10
f 924//20 84//20 94//69 936//69
f 936//69 94//69 87//44 937//44
f 937//44 87//44 86//52 927//52
f 927//52 86//52 83//10 922//10
f 604//29 1080//29 1085//30 612//30
f 612//30 1085//30 1095//152 613//33
f 613//33 1095//152 1094//37 619//37
f 619//37 1094//37 1082//16 605//16
f 809//16 1082//16 1096//35 817//35
f 817//35 1096//35 1090//27 818//27
f 965//46 1280//46 1285//49 968//49
f 968//49 1285//49 1295//41 969//41
f 969//41 1295//41 1294//160 976//160
f 976//160 1294//160 1282//20 966//20
f 1281//29 604//29 614//32 1289//32
f 1289//32 614//32 607//24 1290//24
f 1290//24 607//24 606//21 1296//21
f 1296//21 606//21 603//20 1282//20
f 1080//29 556//29 566//32 1083//32
f 1083//32 566//32 559//24 1084//24
f 556//29 1281//29 1291//109 564//109
f 564//109 1291//109 1284//105 565//202
f 565//202 1284//105 1283//102 571//102
f 571//102 1283//102 1280//46 557//46
f 557//46 948//46 962//49 569//49
f 569//49 962//49 956//41 570//41
f 1051//29 903//29 908//32 1053//32
f 1053//32 908//32 918//24 1054//24
f 741//29 27//29 37//32 744//32
f 744//32 37//32 30//24 745//24
f 745//24 30//24 29//21 752//21
f 752//21 29//21 26//20 742//20
f 823//44 950//44 949//52 813//52
f 813//52 949//52 946//10 808//10
f 362//29 1051//29 1053//32 374//32
f 374//32 1053//32 1054//24 375//24
f 28//16 361//16 65//16 85//16
f 903//29 1051//29 362//29 27//29 741//29
f 924//20 742//20 26//20 84//20
f 46//46 904//46 743//46 923//46
f 47//10 922//10 83//10 64//10
f 1282//20 603//20 474//20 966//20
f 475//16 605//16 1082//16 809//16
f 476//10 808//10 946//10 967//10
f 1080//29 604//29 1281//29 556//29
f 948//46 557//46 1280//46 965//46
